id,product,amount,region
1,Doohickey,515.16,South
2,Widget,455.38,West
3,Doohickey,840.66,East
4,Widget,1685.66,West
5,Thingmajig,4428.91,East
6,Gadget,3607.5,North
7,Thingmajig,3070.66,West
8,Thingmajig,3477.28,East
9,Doohickey,1702.95,East
10,Thingmajig,1265.55,West
11,Gadget,4410.34,East
12,Gadget,1623.16,South
13,Thingmajig,1170.92,South
14,Gadget,2112.52,East
15,Widget,4102.77,South
16,Doohickey,3696.29,South
17,Doohickey,2263.01,North
18,Doohickey,1064.43,East
19,Doohickey,172.17,North
20,Gadget,1942.64,East
21,Thingmajig,1208.91,East
22,Doohickey,476.61,North
23,Thingmajig,3815.77,East
24,Gadget,4388.22,East
25,Thingmajig,3381.41,East
26,Doohickey,4733.3,West
27,Thingmajig,4158.05,West
28,Gadget,4104.58,East
29,Doohickey,3192.51,East
30,Thingmajig,629.17,West
31,Thingmajig,3212.12,East
32,Gadget,1876.68,North
33,Gadget,2722.96,South
34,Gadget,4123.62,East
35,Doohickey,1338.25,East
36,Thingmajig,4898.46,North
37,Thingmajig,3026.92,West
38,Gadget,549.02,North
39,Thingmajig,4113.5,West
40,Thingmajig,2524.17,West
41,Gadget,2929.19,North
42,Doohickey,1506.54,North
43,Widget,2601.0,East
44,Doohickey,1761.76,West
45,Thingmajig,4656.85,North
46,Widget,3033.12,South
47,Thingmajig,1052.0,North
48,Thingmajig,1961.38,East
49,Doohickey,4250.36,South
50,Doohickey,4811.02,North
51,Doohickey,2368.33,West
52,Thingmajig,2545.98,North
53,Thingmajig,627.56,West
54,Thingmajig,1572.29,North
55,Doohickey,1645.79,West
56,Widget,4778.7,West
57,Thingmajig,2897.74,North
58,Gadget,770.78,North
59,Gadget,788.29,East
60,Thingmajig,2482.14,West
61,Doohickey,1922.74,North
62,Thingmajig,3751.74,North
63,Thingmajig,2292.03,North
64,Thingmajig,2038.62,North
65,Thingmajig,4314.45,East
66,Thingmajig,1824.15,West
67,Doohickey,1124.96,South
68,Doohickey,2708.78,East
69,Doohickey,3265.6,East
70,Thingmajig,4113.84,North
71,Widget,3502.11,South
72,Widget,2081.31,South
73,Doohickey,569.82,North
74,Widget,287.96,South
75,Widget,3317.75,West
76,Doohickey,552.42,East
77,Thingmajig,4226.45,West
78,Widget,71.53,South
79,Doohickey,1766.59,West
80,Gadget,693.24,North
81,Widget,1009.68,North
82,Widget,2198.34,East
83,Widget,4911.59,South
84,Gadget,2672.81,North
85,Doohickey,1125.27,South
86,Gadget,2156.98,South
87,Gadget,1608.23,North
88,Doohickey,3298.45,South
89,Thingmajig,4737.85,South
90,Gadget,805.85,East
91,Gadget,2266.34,East
92,Thingmajig,3448.05,West
93,Thingmajig,2383.12,South
94,Gadget,1692.17,South
95,Doohickey,3722.78,East
96,Gadget,1294.7,South
97,Thingmajig,610.58,West
98,Thingmajig,4777.88,North
99,Widget,3418.71,East
100,Widget,464.77,West
101,Thingmajig,4029.12,West
102,Thingmajig,910.31,West
103,Gadget,1829.86,West
104,Gadget,2520.68,East
105,Thingmajig,896.37,North
106,Gadget,1746.48,West
107,Doohickey,2188.89,East
108,Doohickey,1123.38,North
109,Widget,3749.29,East
110,Widget,4395.04,East
111,Widget,614.47,North
112,Widget,4436.87,East
113,Thingmajig,1022.44,West
114,Widget,4528.52,South
115,Thingmajig,1564.63,North
116,Doohickey,2629.52,South
117,Gadget,4033.85,North
118,Doohickey,1466.85,North
119,Doohickey,4265.66,East
120,Doohickey,481.7,West
121,Gadget,2767.44,North
122,Thingmajig,2514.34,North
123,Widget,3774.15,North
124,Widget,3973.19,East
125,Thingmajig,945.61,North
126,Thingmajig,3520.51,West
127,Thingmajig,2802.02,South
128,Gadget,94.36,East
129,Doohickey,361.42,West
130,Widget,1617.63,South
131,Gadget,1373.5,West
132,Widget,1079.49,East
133,Doohickey,1572.94,West
134,Gadget,4383.42,South
135,Gadget,2596.52,North
136,Thingmajig,1465.91,East
137,Widget,2777.93,South
138,Gadget,1335.47,South
139,Thingmajig,4421.65,East
140,Widget,4390.28,East
141,Widget,61.28,West
142,Gadget,4420.16,South
143,Gadget,3010.29,South
144,Widget,2743.71,North
145,Gadget,4577.9,North
146,Gadget,1513.93,South
147,Gadget,856.33,East
148,Thingmajig,1689.33,West
149,Thingmajig,1872.71,South
150,Doohickey,1400.92,West
151,Thingmajig,2376.65,West
152,Doohickey,230.64,South
153,Doohickey,3622.57,West
154,Gadget,1605.68,North
155,Gadget,2138.19,North
156,Thingmajig,4025.8,North
157,Thingmajig,251.65,West
158,Gadget,119.03,East
159,Thingmajig,4180.08,South
160,Doohickey,1059.76,South
161,Gadget,2509.74,North
162,Widget,3773.69,South
163,Doohickey,4249.33,West
164,Gadget,4149.64,West
165,Doohickey,2318.55,East
166,Thingmajig,826.47,South
167,Gadget,501.56,South
168,Gadget,3368.09,East
169,Thingmajig,2890.84,North
170,Doohickey,3923.46,East
171,Gadget,2476.18,East
172,Doohickey,2873.92,North
173,Widget,174.76,North
174,Thingmajig,822.93,West
175,Gadget,3699.31,North
176,Gadget,1905.27,South
177,Thingmajig,1326.21,East
178,Widget,959.3,North
179,Thingmajig,4130.54,East
180,Gadget,1347.47,West
181,Doohickey,3193.05,West
182,Widget,3101.9,South
183,Thingmajig,2749.46,South
184,Gadget,1697.61,North
185,Thingmajig,4967.99,West
186,Doohickey,3355.71,East
187,Widget,1360.4,West
188,Doohickey,1446.24,West
189,Thingmajig,656.34,East
190,Doohickey,2446.8,East
191,Thingmajig,2761.03,East
192,Doohickey,4704.07,South
193,Doohickey,1924.58,North
194,Gadget,2172.99,North
195,Gadget,4456.59,South
196,Gadget,4782.27,East
197,Gadget,449.81,North
198,Gadget,3088.54,West
199,Thingmajig,1765.35,West
200,Doohickey,585.04,South
201,Gadget,1071.19,West
202,Widget,4056.22,North
203,Doohickey,67.44,West
204,Widget,923.38,South
205,Gadget,4982.25,West
206,Widget,3963.89,West
207,Doohickey,3530.05,South
208,Gadget,3011.18,East
209,Thingmajig,736.77,West
210,Widget,823.23,East
211,Doohickey,2274.73,South
212,Doohickey,4642.92,South
213,Doohickey,3357.36,West
214,Thingmajig,979.49,South
215,Thingmajig,3301.43,North
216,Thingmajig,1754.43,South
217,Thingmajig,889.53,East
218,Thingmajig,624.37,East
219,Thingmajig,3433.71,North
220,Doohickey,4252.04,South
221,Widget,2226.5,East
222,Thingmajig,2209.23,East
223,Gadget,649.74,North
224,Widget,4107.05,North
225,Gadget,4333.73,South
226,Gadget,2105.48,North
227,Doohickey,2443.34,West
228,Gadget,2827.17,North
229,Gadget,2933.63,West
230,Widget,2309.56,East
231,Doohickey,755.42,North
232,Doohickey,757.14,South
233,Doohickey,3605.55,South
234,Widget,2988.84,East
235,Thingmajig,4201.35,East
236,Doohickey,4437.81,South
237,Thingmajig,2287.45,West
238,Gadget,2350.99,West
239,Thingmajig,3299.85,West
240,Widget,3621.87,North
241,Gadget,3648.44,West
242,Widget,1986.91,North
243,Doohickey,3379.63,East
244,Gadget,4116.98,East
245,Doohickey,3382.34,West
246,Thingmajig,4638.63,North
247,Thingmajig,4990.7,West
248,Doohickey,3370.38,North
249,Thingmajig,68.98,South
250,Widget,4968.7,East
251,Thingmajig,2519.71,South
252,Widget,1013.09,North
253,Gadget,2295.5,East
254,Gadget,3067.63,North
255,Thingmajig,3989.53,North
256,Thingmajig,4879.76,North
257,Widget,3254.77,West
258,Thingmajig,4929.04,North
259,Doohickey,3642.24,East
260,Widget,966.04,East
261,Thingmajig,4417.75,North
262,Widget,2316.6,North
263,Gadget,1008.38,North
264,Gadget,274.33,East
265,Gadget,4954.2,South
266,Widget,2721.68,North
267,Widget,377.08,West
268,Gadget,3466.51,South
269,Thingmajig,3605.13,North
270,Thingmajig,1357.84,East
271,Gadget,554.94,South
272,Thingmajig,4981.17,South
273,Doohickey,1943.81,South
274,Widget,1022.85,South
275,Doohickey,4587.63,South
276,Doohickey,1738.17,South
277,Gadget,611.17,North
278,Gadget,2332.18,North
279,Gadget,634.89,South
280,Doohickey,289.15,East
281,Thingmajig,4602.75,East
282,Gadget,1455.5,South
283,Widget,2295.92,South
284,Thingmajig,1350.57,East
285,Doohickey,4813.51,North
286,Gadget,1715.08,East
287,Widget,2949.31,West
288,Thingmajig,3437.22,North
289,Widget,3173.68,East
290,Thingmajig,4263.47,South
291,Doohickey,2001.43,South
292,Widget,4767.47,East
293,Thingmajig,228.54,East
294,Widget,4909.56,East
295,Doohickey,4721.0,South
296,Thingmajig,2399.55,South
297,Widget,3794.74,East
298,Thingmajig,4869.13,South
299,Thingmajig,4022.72,North
300,Doohickey,2303.82,West
301,Thingmajig,443.3,South
302,Thingmajig,3228.11,North
303,Gadget,4620.61,South
304,Gadget,1273.85,East
305,Gadget,3916.73,East
306,Widget,2601.74,West
307,Thingmajig,380.1,South
308,Gadget,3180.92,South
309,Widget,905.7,West
310,Gadget,849.96,West
311,Gadget,2997.48,South
312,Doohickey,2827.16,East
313,Gadget,3515.69,North
314,Thingmajig,2168.03,East
315,Widget,4121.58,East
316,Gadget,1633.56,North
317,Widget,1456.59,South
318,Gadget,2966.78,North
319,Widget,578.37,North
320,Doohickey,809.56,North
321,Doohickey,3701.63,East
322,Widget,1118.64,West
323,Gadget,3717.43,South
324,Thingmajig,4340.64,North
325,Widget,4758.62,North
326,Gadget,4902.27,East
327,Doohickey,4840.3,South
328,Widget,4304.9,North
329,Doohickey,3893.0,West
330,Gadget,1772.3,North
331,Widget,1418.98,North
332,Widget,2014.2,South
333,Doohickey,1847.73,East
334,Gadget,2724.44,North
335,Widget,2150.95,South
336,Doohickey,2828.23,South
337,Doohickey,4380.25,West
338,Widget,3758.85,South
339,Widget,3519.73,South
340,Thingmajig,2284.71,East
341,Thingmajig,4697.76,West
342,Thingmajig,4319.09,North
343,Doohickey,2643.37,North
344,Thingmajig,2235.2,South
345,Gadget,4624.82,East
346,Thingmajig,3923.47,South
347,Thingmajig,1422.99,North
348,Doohickey,2043.42,West
349,Widget,1521.78,West
350,Gadget,3041.83,North
351,Doohickey,1279.53,East
352,Gadget,965.58,East
353,Doohickey,1649.21,West
354,Doohickey,4413.72,South
355,Thingmajig,2778.14,West
356,Gadget,3609.54,South
357,Widget,461.76,South
358,Gadget,1468.07,East
359,Thingmajig,1200.02,West
360,Doohickey,3583.95,South
361,Thingmajig,4346.4,East
362,Thingmajig,3385.17,West
363,Widget,1762.74,East
364,Doohickey,602.13,East
365,Doohickey,4019.16,East
366,Thingmajig,3476.36,North
367,Gadget,2683.11,East
368,Gadget,2909.07,North
369,Thingmajig,3003.63,East
370,Widget,2938.91,North
371,Widget,310.16,North
372,Doohickey,2787.57,South
373,Widget,1112.3,East
374,Widget,2053.47,North
375,Gadget,3044.55,East
376,Gadget,756.99,South
377,Widget,1087.26,West
378,Doohickey,2991.85,North
379,Thingmajig,3610.36,East
380,Gadget,1338.16,North
381,Doohickey,1514.92,East
382,Gadget,3200.84,East
383,Widget,2959.51,East
384,Gadget,3911.91,South
385,Thingmajig,2928.76,West
386,Widget,3740.87,South
387,Thingmajig,1429.17,North
388,Widget,3735.05,West
389,Doohickey,463.28,West
390,Widget,2077.47,South
391,Thingmajig,3168.42,North
392,Doohickey,3086.16,West
393,Gadget,2278.09,South
394,Doohickey,2885.6,South
395,Gadget,494.03,North
396,Thingmajig,4875.85,North
397,Doohickey,1350.86,North
398,Thingmajig,4462.7,North
399,Thingmajig,1876.76,North
400,Widget,3045.66,East
401,Thingmajig,4080.2,North
402,Gadget,4105.11,South
403,Thingmajig,1762.75,South
404,Thingmajig,2274.42,East
405,Widget,1921.87,North
406,Widget,717.89,East
407,Gadget,3443.38,East
408,Widget,3209.84,North
409,Doohickey,4540.23,South
410,Doohickey,655.11,South
411,Thingmajig,2776.82,North
412,Widget,3989.44,North
413,Doohickey,1275.22,West
414,Gadget,1680.77,West
415,Widget,2644.37,West
416,Doohickey,1806.47,East
417,Widget,2307.2,West
418,Doohickey,1962.21,East
419,Doohickey,4874.52,South
420,Thingmajig,1071.73,South
421,Widget,582.0,North
422,Gadget,4945.06,North
423,Doohickey,3964.58,South
424,Widget,1289.01,East
425,Gadget,2876.7,East
426,Widget,2131.74,East
427,Doohickey,2517.14,North
428,Doohickey,3357.94,West
429,Doohickey,849.05,South
430,Widget,1818.16,South
431,Widget,1969.96,East
432,Doohickey,734.65,West
433,Doohickey,2657.21,North
434,Thingmajig,1811.15,East
435,Gadget,419.29,West
436,Widget,2734.71,North
437,Thingmajig,1989.54,South
438,Doohickey,3353.06,South
439,Doohickey,1773.53,West
440,Doohickey,4045.03,North
441,Thingmajig,3244.9,North
442,Widget,3641.35,South
443,Gadget,4472.48,North
444,Widget,2825.92,North
445,Doohickey,3626.56,South
446,Doohickey,2680.34,South
447,Gadget,2011.86,South
448,Widget,2168.17,North
449,Gadget,2127.22,West
450,Thingmajig,151.08,West
451,Gadget,3792.54,West
452,Thingmajig,322.27,North
453,Thingmajig,1850.79,East
454,Widget,1816.31,West
455,Thingmajig,4721.71,West
456,Widget,793.16,West
457,Gadget,1551.31,East
458,Widget,4116.99,South
459,Thingmajig,4722.14,South
460,Thingmajig,317.97,South
461,Widget,393.29,South
462,Doohickey,363.53,South
463,Gadget,4484.28,North
464,Gadget,4713.67,South
465,Thingmajig,1389.72,West
466,Widget,1199.8,East
467,Gadget,4261.99,West
468,Gadget,1188.55,East
469,Doohickey,1288.68,East
470,Widget,2915.7,South
471,Gadget,3397.35,South
472,Gadget,2762.95,South
473,Widget,2449.74,West
474,Widget,1433.7,West
475,Widget,501.92,South
476,Gadget,3587.7,West
477,Doohickey,88.94,West
478,Gadget,2994.91,South
479,Gadget,4081.23,South
480,Gadget,3415.78,South
481,Gadget,4662.92,North
482,Widget,379.15,East
483,Thingmajig,1695.27,East
484,Thingmajig,1038.59,South
485,Thingmajig,1884.0,North
486,Thingmajig,118.99,West
487,Gadget,996.09,South
488,Widget,2800.76,East
489,Doohickey,4780.97,North
490,Gadget,4579.93,East
491,Gadget,408.69,East
492,Gadget,3060.92,North
493,Doohickey,1632.7,West
494,Gadget,3620.92,North
495,Thingmajig,1456.99,East
496,Thingmajig,4415.67,West
497,Widget,2309.95,South
498,Doohickey,2823.66,West
499,Gadget,2309.97,East
500,Thingmajig,4830.49,South
501,Thingmajig,945.18,East
502,Gadget,1020.19,East
503,Doohickey,930.03,West
504,Doohickey,1769.78,West
505,Doohickey,3153.54,South
506,Doohickey,3861.43,North
507,Gadget,3597.53,North
508,Thingmajig,82.39,East
509,Widget,3700.5,West
510,Gadget,1632.89,West
511,Thingmajig,941.04,West
512,Gadget,1859.28,West
513,Widget,879.75,North
514,Doohickey,492.28,North
515,Doohickey,371.07,East
516,Widget,1544.03,East
517,Gadget,443.99,East
518,Thingmajig,4537.68,North
519,Gadget,4532.12,South
520,Gadget,2011.89,North
521,Doohickey,3392.33,East
522,Gadget,993.89,South
523,Thingmajig,2456.27,West
524,Widget,3846.76,North
525,Doohickey,3678.99,South
526,Gadget,4472.6,North
527,Gadget,2316.38,South
528,Doohickey,393.12,West
529,Thingmajig,3560.49,East
530,Widget,4114.69,West
531,Doohickey,4284.68,West
532,Widget,1601.6,North
533,Thingmajig,694.44,East
534,Thingmajig,1882.29,West
535,Doohickey,3654.24,West
536,Gadget,2227.3,West
537,Widget,4116.73,South
538,Widget,1136.89,West
539,Doohickey,4293.28,South
540,Thingmajig,1393.73,East
541,Widget,2505.07,East
542,Doohickey,453.68,East
543,Thingmajig,4010.87,South
544,Thingmajig,1701.96,South
545,Thingmajig,768.54,North
546,Thingmajig,930.57,East
547,Widget,4439.33,South
548,Widget,3041.3,East
549,Doohickey,2957.91,South
550,Widget,3114.71,North
551,Widget,3108.76,South
552,Doohickey,2506.9,South
553,Doohickey,4323.26,North
554,Gadget,1229.52,West
555,Gadget,2168.93,North
556,Doohickey,488.17,West
557,Gadget,2656.13,South
558,Gadget,3279.89,East
559,Gadget,2441.55,North
560,Doohickey,562.2,East
561,Widget,2442.79,East
562,Doohickey,2667.48,West
563,Widget,3287.95,West
564,Widget,4851.74,West
565,Gadget,1124.16,East
566,Thingmajig,3542.69,South
567,Doohickey,4728.54,South
568,Doohickey,1430.87,South
569,Widget,1709.44,South
570,Widget,2657.95,East
571,Gadget,4401.78,South
572,Gadget,4194.79,North
573,Widget,4471.18,North
574,Gadget,1025.26,West
575,Thingmajig,2006.51,West
576,Doohickey,4695.24,East
577,Doohickey,1199.15,North
578,Gadget,4941.16,North
579,Widget,486.52,North
580,Doohickey,710.2,South
581,Gadget,552.6,East
582,Doohickey,4046.2,East
583,Gadget,2373.91,North
584,Thingmajig,3465.22,South
585,Thingmajig,3199.8,West
586,Doohickey,1793.39,North
587,Doohickey,2328.97,East
588,Doohickey,89.05,West
589,Thingmajig,4180.77,West
590,Gadget,307.5,South
591,Doohickey,1935.08,East
592,Thingmajig,2117.09,North
593,Doohickey,3990.97,West
594,Doohickey,2252.33,South
595,Widget,3074.65,East
596,Doohickey,1443.31,North
597,Thingmajig,3581.51,West
598,Widget,2625.55,West
599,Widget,4966.18,East
600,Gadget,3679.62,South
601,Doohickey,2051.25,West
602,Doohickey,526.19,North
603,Doohickey,141.03,South
604,Gadget,755.81,West
605,Widget,3452.23,South
606,Widget,3033.95,South
607,Widget,3372.86,East
608,Doohickey,2362.71,West
609,Widget,936.19,South
610,Gadget,1508.1,West
611,Doohickey,319.77,South
612,Widget,3684.92,West
613,Gadget,356.49,South
614,Thingmajig,1275.25,South
615,Gadget,2572.23,North
616,Gadget,3231.08,West
617,Widget,1079.29,South
618,Widget,1208.74,East
619,Thingmajig,3639.36,West
620,Widget,2379.77,South
621,Thingmajig,1247.71,South
622,Widget,4176.93,West
623,Widget,1555.51,West
624,Thingmajig,3421.8,South
625,Widget,1564.08,South
626,Doohickey,2308.91,South
627,Thingmajig,146.57,South
628,Widget,2568.26,West
629,Gadget,607.58,East
630,Widget,4794.25,East
631,Doohickey,405.2,North
632,Doohickey,546.36,East
633,Widget,1506.04,West
634,Doohickey,1149.34,South
635,Thingmajig,4178.11,South
636,Thingmajig,1631.54,North
637,Thingmajig,2214.75,East
638,Widget,1723.83,South
639,Thingmajig,3845.56,East
640,Doohickey,3923.78,West
641,Widget,3149.23,West
642,Gadget,4286.4,South
643,Thingmajig,3697.87,East
644,Doohickey,61.81,North
645,Doohickey,932.36,South
646,Widget,4445.9,South
647,Gadget,1894.61,South
648,Thingmajig,1979.92,East
649,Doohickey,3419.56,West
650,Gadget,3753.96,South
651,Widget,65.43,South
652,Gadget,4297.24,West
653,Thingmajig,578.71,West
654,Doohickey,4064.88,North
655,Doohickey,4805.2,East
656,Widget,2295.31,South
657,Widget,2582.85,West
658,Widget,3618.41,North
659,Widget,1465.93,North
660,Doohickey,4250.81,West
661,Gadget,1602.93,North
662,Gadget,2855.78,South
663,Doohickey,1800.49,East
664,Gadget,1269.01,East
665,Gadget,3901.39,East
666,Gadget,4950.78,East
667,Gadget,3135.53,East
668,Thingmajig,1826.34,South
669,Widget,2396.36,West
670,Widget,4023.73,North
671,Gadget,554.32,West
672,Thingmajig,282.3,West
673,Thingmajig,601.84,West
674,Gadget,4511.07,East
675,Gadget,443.17,North
676,Widget,4784.47,South
677,Thingmajig,698.91,West
678,Thingmajig,3533.16,East
679,Gadget,1407.22,East
680,Doohickey,1143.12,East
681,Gadget,2848.66,East
682,Widget,2160.32,West
683,Doohickey,1142.58,West
684,Thingmajig,2259.18,North
685,Gadget,4011.23,West
686,Thingmajig,3593.49,North
687,Doohickey,3022.27,East
688,Widget,553.61,North
689,Widget,1110.11,South
690,Doohickey,684.01,East
691,Gadget,1957.56,South
692,Doohickey,2807.49,East
693,Gadget,4244.94,South
694,Gadget,3320.1,South
695,Gadget,2901.02,North
696,Doohickey,1767.62,South
697,Widget,768.7,West
698,Doohickey,2825.69,West
699,Doohickey,4870.81,East
700,Thingmajig,3940.14,North
701,Thingmajig,1193.61,West
702,Gadget,3044.34,North
703,Widget,4515.87,West
704,Doohickey,2825.85,North
705,Doohickey,4704.55,South
706,Doohickey,3680.04,West
707,Doohickey,2134.74,South
708,Gadget,4787.95,North
709,Widget,1881.05,South
710,Doohickey,4346.43,West
711,Gadget,4117.87,South
712,Doohickey,4026.4,East
713,Thingmajig,3900.48,North
714,Widget,4635.02,South
715,Thingmajig,4984.93,North
716,Widget,2029.18,West
717,Widget,1235.73,North
718,Widget,1946.04,East
719,Doohickey,3715.76,North
720,Widget,850.42,South
721,Widget,1192.14,East
722,Widget,2022.47,North
723,Gadget,2050.54,East
724,Widget,844.94,East
725,Gadget,2285.3,South
726,Gadget,4907.91,South
727,Thingmajig,2865.06,North
728,Thingmajig,708.47,North
729,Thingmajig,2264.57,South
730,Gadget,1746.25,East
731,Gadget,2351.28,West
732,Gadget,982.05,West
733,Doohickey,1577.61,East
734,Widget,4167.44,North
735,Widget,1285.91,East
736,Gadget,563.78,South
737,Doohickey,1652.71,West
738,Thingmajig,3282.24,South
739,Gadget,4350.03,East
740,Thingmajig,3290.35,South
741,Thingmajig,972.55,South
742,Doohickey,1446.86,South
743,Widget,394.96,West
744,Thingmajig,1515.35,West
745,Gadget,1040.34,East
746,Doohickey,2183.94,South
747,Widget,1052.76,West
748,Gadget,3720.45,South
749,Widget,4074.07,West
750,Doohickey,2500.79,North
751,Thingmajig,522.23,South
752,Thingmajig,4661.41,East
753,Widget,540.4,North
754,Doohickey,4892.09,West
755,Thingmajig,4080.64,North
756,Widget,1627.59,East
757,Thingmajig,1397.69,South
758,Widget,1122.51,West
759,Doohickey,2490.47,North
760,Doohickey,3854.21,North
761,Widget,1355.71,West
762,Widget,4186.5,West
763,Widget,4213.84,North
764,Thingmajig,1485.28,North
765,Doohickey,1829.13,East
766,Gadget,1086.8,North
767,Gadget,4081.22,South
768,Widget,241.83,West
769,Gadget,2294.27,South
770,Gadget,4080.76,East
771,Widget,2305.28,West
772,Widget,2731.2,West
773,Gadget,1411.38,East
774,Widget,4348.88,South
775,Doohickey,4398.31,North
776,Doohickey,3990.89,South
777,Thingmajig,1190.64,South
778,Widget,3966.95,North
779,Doohickey,2892.01,North
780,Thingmajig,2665.83,East
781,Gadget,2036.41,East
782,Gadget,959.56,East
783,Widget,3153.14,South
784,Widget,3906.69,West
785,Doohickey,4072.01,North
786,Gadget,3611.46,South
787,Gadget,1878.94,East
788,Thingmajig,3983.11,West
789,Doohickey,3687.4,East
790,Gadget,3735.37,South
791,Doohickey,3932.11,East
792,Gadget,3550.53,West
793,Thingmajig,3483.55,West
794,Doohickey,4704.3,East
795,Doohickey,925.94,East
796,Widget,3836.36,South
797,Thingmajig,312.37,South
798,Doohickey,2332.08,West
799,Doohickey,814.47,East
800,Doohickey,4203.42,West
801,Thingmajig,3519.38,South
802,Thingmajig,4151.73,North
803,Thingmajig,1763.59,South
804,Doohickey,2089.23,South
805,Thingmajig,3814.77,West
806,Doohickey,1508.95,West
807,Widget,1210.64,North
808,Doohickey,2170.15,South
809,Gadget,3804.07,North
810,Thingmajig,1405.12,East
811,Widget,4818.81,East
812,Widget,4874.69,West
813,Widget,4801.91,South
814,Widget,1302.72,East
815,Gadget,2933.27,East
816,Thingmajig,4597.85,North
817,Widget,3287.72,East
818,Widget,3670.37,North
819,Thingmajig,710.65,South
820,Doohickey,1965.48,West
821,Gadget,2868.77,West
822,Widget,2942.5,South
823,Gadget,2566.65,North
824,Gadget,1771.68,North
825,Thingmajig,188.49,East
826,Gadget,116.55,East
827,Widget,2479.98,South
828,Doohickey,3887.3,East
829,Widget,3352.65,East
830,Doohickey,2781.77,West
831,Doohickey,3775.03,North
832,Gadget,4363.58,North
833,Widget,2500.12,South
834,Widget,4745.23,South
835,Thingmajig,353.64,South
836,Doohickey,165.42,South
837,Doohickey,529.66,West
838,Widget,3364.65,North
839,Gadget,4599.05,South
840,Gadget,790.42,North
841,Thingmajig,2881.12,West
842,Widget,3461.24,North
843,Gadget,1737.94,South
844,Doohickey,464.12,North
845,Gadget,2743.83,South
846,Thingmajig,1007.16,North
847,Gadget,4876.92,South
848,Doohickey,3151.0,South
849,Thingmajig,61.79,West
850,Widget,3917.34,East
851,Gadget,1831.42,North
852,Gadget,379.65,West
853,Widget,2501.33,East
854,Doohickey,3537.18,South
855,Gadget,3269.33,East
856,Thingmajig,3254.34,North
857,Gadget,753.45,North
858,Thingmajig,1885.18,West
859,Thingmajig,724.58,South
860,Doohickey,475.58,East
861,Doohickey,630.36,North
862,Doohickey,2019.47,West
863,Gadget,3713.62,West
864,Doohickey,506.31,East
865,Thingmajig,795.57,South
866,Doohickey,2530.98,North
867,Thingmajig,4710.53,South
868,Gadget,1673.78,West
869,Gadget,518.04,North
870,Thingmajig,171.53,West
871,Thingmajig,4584.21,West
872,Gadget,4240.16,West
873,Doohickey,4233.2,North
874,Doohickey,4207.49,North
875,Doohickey,4891.03,North
876,Widget,786.12,South
877,Gadget,4872.83,West
878,Doohickey,489.0,North
879,Doohickey,4238.22,South
880,Thingmajig,1286.36,North
881,Thingmajig,865.47,South
882,Thingmajig,3962.45,West
883,Gadget,4906.61,South
884,Doohickey,3769.92,South
885,Gadget,4611.69,North
886,Doohickey,611.46,South
887,Widget,827.0,East
888,Thingmajig,3184.3,West
889,Doohickey,1743.76,North
890,Gadget,4487.14,West
891,Thingmajig,239.56,East
892,Widget,900.38,West
893,Thingmajig,355.83,North
894,Doohickey,1851.03,East
895,Gadget,1207.42,South
896,Widget,4559.6,West
897,Widget,1007.94,West
898,Gadget,1560.7,East
899,Widget,4185.1,East
900,Widget,2369.63,East
901,Gadget,3574.19,West
902,Thingmajig,2540.79,South
903,Widget,4179.34,East
904,Gadget,501.94,West
905,Widget,283.44,East
906,Widget,2064.95,East
907,Gadget,4553.95,North
908,Thingmajig,2060.9,South
909,Doohickey,1406.16,East
910,Widget,3375.81,South
911,Gadget,2542.83,West
912,Gadget,3857.86,East
913,Thingmajig,3154.34,West
914,Widget,4935.29,North
915,Widget,2221.92,South
916,Gadget,1258.8,East
917,Doohickey,4388.66,South
918,Widget,1734.8,South
919,Widget,4953.16,South
920,Gadget,1946.07,North
921,Gadget,2634.38,South
922,Doohickey,3348.17,West
923,Gadget,4554.2,North
924,Widget,4990.18,South
925,Widget,1116.65,South
926,Thingmajig,4115.66,South
927,Widget,1494.5,East
928,Gadget,4795.04,West
929,Gadget,2410.86,North
930,Gadget,436.85,East
931,Doohickey,1810.03,East
932,Thingmajig,638.39,West
933,Widget,646.31,East
934,Thingmajig,1432.68,East
935,Doohickey,4690.48,South
936,Thingmajig,1165.83,South
937,Thingmajig,2271.95,East
938,Widget,153.75,South
939,Thingmajig,2852.28,North
940,Gadget,147.05,South
941,Gadget,4042.58,South
942,Gadget,84.34,North
943,Thingmajig,1621.79,South
944,Doohickey,4014.73,West
945,Gadget,1743.02,West
946,Gadget,4605.68,East
947,Widget,2197.39,East
948,Thingmajig,3919.91,North
949,Doohickey,1295.38,North
950,Widget,4632.55,South
951,Doohickey,960.01,West
952,Thingmajig,4901.32,North
953,Gadget,1117.87,South
954,Widget,2944.86,East
955,Thingmajig,2492.78,South
956,Thingmajig,1703.85,East
957,Widget,3850.19,East
958,Widget,1971.66,East
959,Widget,2996.9,North
960,Thingmajig,3594.77,West
961,Thingmajig,1021.06,North
962,Doohickey,1033.14,West
963,Doohickey,1034.82,South
964,Thingmajig,1935.83,South
965,Thingmajig,879.48,North
966,Gadget,4381.41,East
967,Gadget,3535.75,West
968,Doohickey,1872.54,North
969,Doohickey,2307.61,West
970,Widget,3768.66,North
971,Doohickey,1369.21,South
972,Thingmajig,1186.83,East
973,Widget,3851.89,North
974,Widget,4691.7,West
975,Gadget,641.74,South
976,Thingmajig,3616.53,East
977,Gadget,1843.63,South
978,Doohickey,3432.55,West
979,Thingmajig,3152.58,South
980,Gadget,2794.11,West
981,Doohickey,4315.1,West
982,Doohickey,1951.43,South
983,Widget,682.73,North
984,Gadget,1971.87,North
985,Thingmajig,1948.43,East
986,Widget,3171.13,South
987,Gadget,1543.51,West
988,Thingmajig,175.65,East
989,Widget,859.6,North
990,Gadget,4257.49,West
991,Widget,1013.77,West
992,Gadget,2594.74,North
993,Widget,3647.07,West
994,Doohickey,965.45,South
995,Widget,4814.23,East
996,Thingmajig,2439.57,South
997,Gadget,1770.77,East
998,Doohickey,3305.23,South
999,Widget,2667.93,West
1000,Gadget,4276.65,East
1001,Gadget,2623.66,South
1002,Doohickey,4352.28,South
1003,Thingmajig,1982.32,North
1004,Thingmajig,674.73,West
1005,Gadget,4080.72,North
1006,Doohickey,2710.06,West
1007,Gadget,2431.38,West
1008,Widget,4058.88,East
1009,Thingmajig,2389.31,North
1010,Widget,1188.79,North
1011,Gadget,2472.66,South
1012,Gadget,4791.31,East
1013,Thingmajig,3878.9,North
1014,Thingmajig,2465.6,North
1015,Widget,547.66,South
1016,Thingmajig,2278.7,West
1017,Doohickey,3528.31,South
1018,Widget,776.71,South
1019,Widget,1679.17,South
1020,Thingmajig,3241.94,East
1021,Widget,4367.58,North
1022,Doohickey,2627.38,East
1023,Thingmajig,3273.2,North
1024,Gadget,2088.02,South
1025,Widget,1966.59,West
1026,Doohickey,1738.28,South
1027,Thingmajig,2299.01,South
1028,Gadget,4656.75,West
1029,Thingmajig,3373.46,North
1030,Gadget,934.13,South
1031,Doohickey,1096.8,West
1032,Widget,364.79,East
1033,Gadget,2425.41,South
1034,Widget,3550.04,South
1035,Widget,4482.33,South
1036,Widget,1219.59,South
1037,Gadget,3156.54,East
1038,Gadget,3876.54,North
1039,Thingmajig,4732.71,North
1040,Gadget,2975.79,South
1041,Thingmajig,64.66,West
1042,Thingmajig,4074.29,East
1043,Widget,1817.21,West
1044,Doohickey,4624.63,North
1045,Doohickey,424.26,North
1046,Thingmajig,4972.2,South
1047,Widget,2274.95,East
1048,Doohickey,1108.82,West
1049,Gadget,589.02,South
1050,Thingmajig,280.17,South
1051,Widget,1967.28,West
1052,Gadget,3769.73,South
1053,Thingmajig,2043.8,East
1054,Widget,2348.52,East
1055,Doohickey,3917.27,East
1056,Thingmajig,2821.92,East
1057,Doohickey,2727.81,South
1058,Gadget,3546.32,South
1059,Doohickey,1793.16,West
1060,Widget,3870.36,North
1061,Widget,2233.8,West
1062,Doohickey,4443.33,East
1063,Widget,4618.99,East
1064,Gadget,458.23,North
1065,Doohickey,476.15,West
1066,Gadget,714.48,South
1067,Thingmajig,2670.26,South
1068,Thingmajig,4540.58,South
1069,Doohickey,2059.16,West
1070,Doohickey,3137.62,East
1071,Doohickey,3559.06,North
1072,Gadget,3807.51,East
1073,Thingmajig,3601.53,West
1074,Doohickey,3025.85,North
1075,Gadget,4090.19,South
1076,Gadget,3356.74,North
1077,Doohickey,4966.73,West
1078,Doohickey,2166.64,South
1079,Widget,779.58,West
1080,Widget,727.14,West
1081,Doohickey,2756.37,West
1082,Doohickey,432.88,South
1083,Widget,4958.91,North
1084,Gadget,1148.41,North
1085,Thingmajig,1765.98,South
1086,Doohickey,548.2,South
1087,Doohickey,1715.64,East
1088,Thingmajig,3593.67,East
1089,Doohickey,474.51,West
1090,Gadget,4786.25,North
1091,Widget,1225.93,South
1092,Thingmajig,1914.57,West
1093,Doohickey,990.21,South
1094,Widget,1421.17,South
1095,Widget,3761.33,East
1096,Gadget,1006.4,South
1097,Widget,1839.98,East
1098,Widget,1166.0,South
1099,Widget,598.38,East
1100,Doohickey,382.74,West
1101,Doohickey,3315.27,North
1102,Widget,2586.45,East
1103,Doohickey,3877.64,East
1104,Thingmajig,1256.18,West
1105,Doohickey,4162.98,South
1106,Doohickey,1251.74,West
1107,Gadget,2488.45,West
1108,Thingmajig,3670.12,West
1109,Thingmajig,70.39,West
1110,Widget,3163.07,South
1111,Widget,453.33,North
1112,Gadget,2457.48,West
1113,Gadget,3582.12,West
1114,Doohickey,4530.85,East
1115,Doohickey,490.93,South
1116,Widget,112.67,East
1117,Widget,2774.67,West
1118,Widget,2303.87,North
1119,Thingmajig,1859.98,North
1120,Widget,4666.0,East
1121,Widget,1846.98,West
1122,Gadget,2938.19,South
1123,Widget,3818.32,South
1124,Gadget,3614.32,South
1125,Widget,1304.75,East
1126,Thingmajig,3199.59,North
1127,Doohickey,322.67,East
1128,Gadget,546.0,North
1129,Doohickey,3744.68,North
1130,Widget,1679.45,North
1131,Doohickey,1632.27,East
1132,Doohickey,1962.22,West
1133,Doohickey,367.15,South
1134,Doohickey,754.98,East
1135,Gadget,4991.62,West
1136,Thingmajig,1829.05,West
1137,Gadget,2094.39,West
1138,Gadget,1366.09,East
1139,Thingmajig,1865.29,East
1140,Thingmajig,3243.55,East
1141,Doohickey,2024.36,West
1142,Widget,1976.46,North
1143,Thingmajig,3934.02,North
1144,Gadget,418.7,West
1145,Thingmajig,4841.37,East
1146,Doohickey,1214.81,East
1147,Gadget,1204.3,West
1148,Gadget,4681.95,South
1149,Gadget,726.35,West
1150,Doohickey,3063.51,South
1151,Doohickey,2042.75,West
1152,Doohickey,276.11,East
1153,Gadget,4447.65,North
1154,Gadget,2482.26,East
1155,Widget,4469.59,South
1156,Widget,798.66,West
1157,Gadget,3699.73,South
1158,Thingmajig,4732.61,North
1159,Widget,3349.18,South
1160,Gadget,1183.75,West
1161,Gadget,2941.98,South
1162,Thingmajig,2909.07,North
1163,Thingmajig,4112.56,North
1164,Widget,4288.06,West
1165,Thingmajig,1639.31,North
1166,Widget,3209.4,East
1167,Gadget,2675.84,North
1168,Thingmajig,200.26,West
1169,Thingmajig,4404.57,East
1170,Widget,1656.65,South
1171,Thingmajig,1815.23,North
1172,Doohickey,1966.28,North
1173,Gadget,930.61,North
1174,Thingmajig,3697.15,East
1175,Doohickey,3446.9,East
1176,Doohickey,1534.89,South
1177,Widget,2076.14,West
1178,Doohickey,2860.78,East
1179,Thingmajig,3624.05,East
1180,Thingmajig,2437.42,East
1181,Thingmajig,2103.82,South
1182,Doohickey,3595.18,East
1183,Gadget,1187.04,South
1184,Widget,4102.17,South
1185,Doohickey,4655.94,North
1186,Widget,821.6,West
1187,Widget,2966.73,South
1188,Doohickey,4188.94,West
1189,Doohickey,3216.18,South
1190,Doohickey,4964.72,North
1191,Doohickey,1146.49,South
1192,Gadget,4192.14,East
1193,Thingmajig,2765.09,South
1194,Doohickey,926.75,North
1195,Gadget,974.09,East
1196,Widget,1742.03,South
1197,Widget,3193.74,South
1198,Gadget,4794.38,North
1199,Thingmajig,1640.37,South
1200,Gadget,2570.71,West
1201,Thingmajig,1015.41,West
1202,Doohickey,3826.83,South
1203,Doohickey,2411.62,South
1204,Gadget,2831.69,West
1205,Widget,1126.12,East
1206,Doohickey,466.77,West
1207,Widget,4415.79,South
1208,Doohickey,1884.57,East
1209,Widget,1454.77,South
1210,Thingmajig,2212.56,South
1211,Widget,473.08,North
1212,Thingmajig,3945.6,East
1213,Gadget,4824.3,West
1214,Widget,4221.33,North
1215,Thingmajig,3205.66,West
1216,Thingmajig,230.18,West
1217,Gadget,2231.18,North
1218,Gadget,2485.64,North
1219,Widget,4477.79,South
1220,Gadget,4519.62,North
1221,Widget,1100.06,East
1222,Gadget,2135.06,West
1223,Thingmajig,4027.45,West
1224,Thingmajig,1469.52,East
1225,Thingmajig,1698.32,North
1226,Widget,3705.92,North
1227,Gadget,3386.06,South
1228,Thingmajig,3359.57,North
1229,Gadget,395.65,North
1230,Widget,3513.68,East
1231,Doohickey,2126.13,East
1232,Thingmajig,4241.71,North
1233,Thingmajig,4581.19,West
1234,Widget,4738.71,East
1235,Widget,2336.66,South
1236,Gadget,4200.51,South
1237,Gadget,4639.28,North
1238,Gadget,3338.61,North
1239,Doohickey,1750.25,South
1240,Thingmajig,87.88,South
1241,Widget,1494.26,South
1242,Doohickey,4087.98,East
1243,Gadget,4050.95,South
1244,Widget,3405.24,East
1245,Thingmajig,2374.95,South
1246,Gadget,1168.46,West
1247,Widget,1209.73,East
1248,Thingmajig,1465.15,North
1249,Thingmajig,3894.82,South
1250,Thingmajig,2199.17,North
1251,Thingmajig,646.98,South
1252,Gadget,4805.22,West
1253,Thingmajig,1670.48,East
1254,Gadget,2006.34,North
1255,Widget,4082.35,East
1256,Gadget,269.73,South
1257,Doohickey,533.97,East
1258,Thingmajig,3864.18,North
1259,Doohickey,597.67,South
1260,Gadget,1271.01,East
1261,Thingmajig,4356.14,West
1262,Doohickey,672.97,West
1263,Thingmajig,1406.32,East
1264,Gadget,1601.41,West
1265,Gadget,3997.37,South
1266,Doohickey,3678.02,North
1267,Widget,1356.27,South
1268,Doohickey,944.41,East
1269,Thingmajig,3187.33,North
1270,Gadget,2297.01,East
1271,Widget,1541.04,South
1272,Widget,3079.49,North
1273,Doohickey,4355.07,North
1274,Thingmajig,517.83,West
1275,Doohickey,1214.12,West
1276,Gadget,613.85,East
1277,Thingmajig,3104.71,West
1278,Doohickey,1429.93,East
1279,Doohickey,1043.05,North
1280,Doohickey,2937.1,West
1281,Thingmajig,3607.14,West
1282,Doohickey,4215.74,West
1283,Gadget,2966.35,East
1284,Widget,4317.28,East
1285,Widget,4111.56,North
1286,Doohickey,801.48,West
1287,Widget,4857.3,West
1288,Thingmajig,527.7,West
1289,Gadget,3721.09,West
1290,Thingmajig,3332.97,South
1291,Widget,4475.0,West
1292,Thingmajig,993.69,West
1293,Widget,372.64,West
1294,Doohickey,561.37,South
1295,Thingmajig,986.81,South
1296,Widget,4840.03,West
1297,Doohickey,719.66,North
1298,Widget,1156.16,East
1299,Doohickey,1559.49,South
1300,Doohickey,507.68,West
1301,Thingmajig,4110.09,West
1302,Thingmajig,3835.69,South
1303,Widget,3529.87,East
1304,Thingmajig,2579.3,West
1305,Doohickey,1483.57,West
1306,Widget,4378.57,South
1307,Thingmajig,3896.52,North
1308,Thingmajig,4212.86,East
1309,Doohickey,1329.84,North
1310,Thingmajig,3313.37,West
1311,Gadget,1319.44,West
1312,Thingmajig,1281.62,East
1313,Doohickey,4612.32,West
1314,Thingmajig,3153.69,North
1315,Widget,4134.5,East
1316,Doohickey,4628.71,East
1317,Widget,2364.35,North
1318,Thingmajig,3813.88,North
1319,Gadget,1754.95,North
1320,Widget,3898.01,South
1321,Doohickey,2576.86,West
1322,Thingmajig,1020.75,North
1323,Widget,1458.92,South
1324,Widget,2124.72,South
1325,Thingmajig,3409.11,South
1326,Gadget,130.06,West
1327,Thingmajig,3508.43,East
1328,Gadget,359.25,North
1329,Gadget,461.03,South
1330,Doohickey,2751.14,East
1331,Doohickey,1004.29,West
1332,Doohickey,3783.84,West
1333,Gadget,1622.87,South
1334,Widget,1640.45,East
1335,Thingmajig,815.05,East
1336,Doohickey,583.46,South
1337,Gadget,1346.69,East
1338,Widget,3875.09,East
1339,Thingmajig,2628.99,East
1340,Doohickey,602.62,East
1341,Doohickey,565.62,South
1342,Gadget,3131.74,South
1343,Gadget,4040.21,South
1344,Widget,4753.04,North
1345,Gadget,2933.99,East
1346,Gadget,4055.05,West
1347,Doohickey,1084.14,North
1348,Gadget,4140.27,North
1349,Doohickey,3007.26,West
1350,Widget,548.56,East
1351,Thingmajig,3247.14,East
1352,Widget,1041.28,South
1353,Gadget,4508.31,North
1354,Doohickey,2142.07,East
1355,Thingmajig,4243.74,West
1356,Doohickey,2393.07,South
1357,Gadget,3234.23,South
1358,Widget,4159.56,East
1359,Doohickey,281.13,West
1360,Widget,3674.87,North
1361,Gadget,3496.06,North
1362,Thingmajig,4140.95,East
1363,Thingmajig,1948.83,South
1364,Gadget,3732.21,East
1365,Doohickey,2176.73,West
1366,Thingmajig,4635.74,East
1367,Gadget,1474.41,East
1368,Widget,2905.26,East
1369,Gadget,3653.43,West
1370,Thingmajig,1398.75,North
1371,Thingmajig,1508.75,South
1372,Thingmajig,4007.16,North
1373,Gadget,384.06,East
1374,Widget,3363.84,North
1375,Doohickey,2984.91,West
1376,Gadget,2092.09,East
1377,Gadget,267.52,West
1378,Thingmajig,3462.55,East
1379,Thingmajig,4198.6,West
1380,Thingmajig,1224.52,North
1381,Widget,4584.76,East
1382,Thingmajig,2707.5,North
1383,Widget,1238.42,West
1384,Widget,2807.5,North
1385,Thingmajig,1468.75,West
1386,Gadget,906.64,West
1387,Thingmajig,2691.21,East
1388,Gadget,1623.5,East
1389,Widget,2956.32,North
1390,Widget,1064.66,South
1391,Widget,4880.78,West
1392,Thingmajig,3317.86,East
1393,Doohickey,4242.51,South
1394,Doohickey,2774.39,East
1395,Widget,1263.35,South
1396,Doohickey,293.42,East
1397,Widget,4649.47,South
1398,Gadget,4789.9,East
1399,Doohickey,1547.27,West
1400,Doohickey,1707.87,North
1401,Doohickey,3215.03,South
1402,Doohickey,2915.07,West
1403,Doohickey,4548.12,South
1404,Thingmajig,718.74,West
1405,Doohickey,3601.39,North
1406,Doohickey,1362.56,South
1407,Widget,2411.7,West
1408,Widget,4490.02,South
1409,Gadget,562.2,North
1410,Thingmajig,4355.88,North
1411,Widget,3632.51,South
1412,Thingmajig,3679.88,East
1413,Thingmajig,3001.43,South
1414,Thingmajig,1341.59,West
1415,Thingmajig,2436.63,East
1416,Thingmajig,1471.97,West
1417,Doohickey,1756.32,North
1418,Gadget,2742.15,East
1419,Doohickey,1913.52,North
1420,Gadget,4386.14,East
1421,Doohickey,1354.16,North
1422,Doohickey,3401.93,East
1423,Widget,1793.4,East
1424,Thingmajig,2883.2,South
1425,Thingmajig,4706.5,East
1426,Thingmajig,1315.41,South
1427,Thingmajig,953.82,East
1428,Gadget,436.48,North
1429,Gadget,1341.88,South
1430,Doohickey,1912.83,South
1431,Doohickey,4793.09,North
1432,Gadget,3353.12,South
1433,Widget,363.65,North
1434,Doohickey,2328.79,South
1435,Thingmajig,3264.5,North
1436,Widget,2609.11,North
1437,Doohickey,3505.33,East
1438,Gadget,2152.63,West
1439,Doohickey,3668.5,South
1440,Thingmajig,4889.25,West
1441,Doohickey,468.07,North
1442,Thingmajig,2162.01,South
1443,Widget,443.25,East
1444,Doohickey,1177.49,South
1445,Doohickey,1414.18,North
1446,Doohickey,1683.16,East
1447,Thingmajig,2668.73,North
1448,Doohickey,2260.47,South
1449,Thingmajig,4360.97,South
1450,Gadget,3609.82,South
1451,Thingmajig,4092.52,North
1452,Thingmajig,1791.96,West
1453,Doohickey,199.66,West
1454,Doohickey,1473.4,West
1455,Widget,1637.25,West
1456,Widget,4785.16,North
1457,Doohickey,1227.31,South
1458,Doohickey,2085.75,South
1459,Thingmajig,4348.94,North
1460,Widget,910.33,North
1461,Doohickey,536.54,North
1462,Thingmajig,1734.95,East
1463,Thingmajig,2727.75,North
1464,Gadget,3044.2,North
1465,Widget,4923.4,North
1466,Thingmajig,2970.37,West
1467,Gadget,3889.96,South
1468,Widget,1272.06,North
1469,Widget,4416.29,West
1470,Gadget,2006.54,West
1471,Thingmajig,3117.43,East
1472,Doohickey,840.76,East
1473,Widget,4086.45,East
1474,Doohickey,3449.18,North
1475,Widget,4253.54,North
1476,Widget,2771.64,South
1477,Doohickey,475.76,West
1478,Widget,771.06,East
1479,Doohickey,1478.34,West
1480,Thingmajig,4067.56,South
1481,Thingmajig,1247.99,West
1482,Doohickey,1582.88,North
1483,Gadget,1048.29,East
1484,Thingmajig,1490.1,West
1485,Doohickey,1213.49,West
1486,Doohickey,2523.26,East
1487,Doohickey,2654.43,South
1488,Doohickey,451.91,West
1489,Thingmajig,3788.61,North
1490,Doohickey,820.93,East
1491,Doohickey,857.16,East
1492,Gadget,689.06,North
1493,Thingmajig,4702.01,West
1494,Doohickey,1481.95,East
1495,Widget,3003.26,East
1496,Doohickey,4467.26,North
1497,Widget,992.88,South
1498,Gadget,452.53,South
1499,Thingmajig,2566.17,South
1500,Gadget,4517.11,East
1501,Doohickey,3954.98,North
1502,Gadget,2191.13,West
1503,Gadget,1863.96,West
1504,Widget,1342.15,West
1505,Gadget,1962.27,West
1506,Thingmajig,2692.17,West
1507,Gadget,2723.05,South
1508,Thingmajig,1113.83,East
1509,Thingmajig,4330.41,South
1510,Thingmajig,2717.7,South
1511,Gadget,3705.76,West
1512,Doohickey,1598.8,West
1513,Thingmajig,3359.86,West
1514,Doohickey,1754.44,South
1515,Thingmajig,2500.78,West
1516,Doohickey,4203.94,East
1517,Gadget,4735.63,East
1518,Thingmajig,3862.7,South
1519,Thingmajig,445.49,East
1520,Gadget,837.68,West
1521,Gadget,1037.5,West
1522,Gadget,864.44,South
1523,Widget,4046.31,South
1524,Thingmajig,2625.65,North
1525,Thingmajig,583.49,East
1526,Doohickey,2162.15,South
1527,Thingmajig,2201.38,West
1528,Thingmajig,983.88,East
1529,Thingmajig,2441.68,West
1530,Widget,1038.48,North
1531,Doohickey,2709.66,East
1532,Gadget,3549.07,East
1533,Gadget,1629.99,East
1534,Widget,2795.08,South
1535,Widget,790.53,East
1536,Doohickey,4405.53,South
1537,Gadget,2757.99,North
1538,Gadget,3939.78,East
1539,Gadget,524.25,South
1540,Widget,3527.08,North
1541,Doohickey,3474.64,East
1542,Doohickey,4789.73,East
1543,Gadget,70.91,North
1544,Widget,446.58,East
1545,Thingmajig,104.83,North
1546,Gadget,3475.5,East
1547,Thingmajig,4009.18,West
1548,Thingmajig,4521.59,South
1549,Widget,1692.33,West
1550,Thingmajig,274.3,East
1551,Gadget,4514.76,East
1552,Doohickey,652.36,West
1553,Gadget,1970.76,South
1554,Widget,1580.87,West
1555,Gadget,1527.44,West
1556,Gadget,740.95,East
1557,Gadget,225.59,East
1558,Gadget,4001.03,South
1559,Thingmajig,2284.23,East
1560,Widget,949.76,West
1561,Doohickey,4247.27,West
1562,Gadget,796.54,South
1563,Doohickey,1665.96,West
1564,Doohickey,2550.15,East
1565,Gadget,4677.58,West
1566,Doohickey,1190.59,East
1567,Gadget,4781.51,East
1568,Thingmajig,4391.77,South
1569,Widget,522.01,North
1570,Gadget,371.86,East
1571,Widget,2871.51,East
1572,Gadget,1339.62,West
1573,Thingmajig,2577.14,North
1574,Widget,882.12,South
1575,Gadget,4451.45,South
1576,Gadget,3549.43,East
1577,Widget,1992.37,North
1578,Gadget,3741.38,East
1579,Widget,3997.15,East
1580,Gadget,3593.19,North
1581,Widget,4284.03,South
1582,Gadget,1201.5,South
1583,Doohickey,651.47,North
1584,Thingmajig,4998.72,East
1585,Thingmajig,3180.43,East
1586,Thingmajig,4186.95,West
1587,Doohickey,2543.96,West
1588,Widget,4647.19,East
1589,Thingmajig,4239.15,West
1590,Widget,1834.24,West
1591,Widget,2804.21,North
1592,Gadget,4235.3,South
1593,Thingmajig,1467.02,East
1594,Gadget,4541.89,East
1595,Thingmajig,2396.92,South
1596,Gadget,954.69,South
1597,Thingmajig,2632.76,North
1598,Gadget,1886.13,East
1599,Thingmajig,3485.48,East
1600,Widget,790.7,East
1601,Thingmajig,3830.1,South
1602,Gadget,1944.04,South
1603,Doohickey,3453.44,West
1604,Doohickey,3013.46,South
1605,Doohickey,2983.24,South
1606,Widget,2817.38,East
1607,Doohickey,4805.81,East
1608,Doohickey,4289.15,East
1609,Gadget,2104.96,West
1610,Widget,3650.2,West
1611,Doohickey,3907.43,South
1612,Thingmajig,272.12,North
1613,Doohickey,3957.21,South
1614,Gadget,4087.37,East
1615,Gadget,2133.17,East
1616,Widget,3037.0,North
1617,Widget,2319.6,East
1618,Gadget,4801.3,South
1619,Thingmajig,153.76,East
1620,Thingmajig,2155.7,East
1621,Doohickey,3872.61,South
1622,Doohickey,4694.68,East
1623,Widget,1378.78,North
1624,Widget,766.15,East
1625,Widget,288.18,North
1626,Thingmajig,1743.98,East
1627,Widget,3744.7,West
1628,Thingmajig,1293.01,North
1629,Thingmajig,2287.05,North
1630,Thingmajig,1147.53,East
1631,Thingmajig,4776.95,West
1632,Gadget,3214.72,East
1633,Thingmajig,156.9,South
1634,Thingmajig,369.75,South
1635,Doohickey,2981.91,West
1636,Thingmajig,4165.05,South
1637,Gadget,4850.47,West
1638,Widget,4431.66,West
1639,Widget,1933.8,East
1640,Doohickey,4901.08,West
1641,Widget,1504.62,South
1642,Widget,1261.53,South
1643,Gadget,333.88,West
1644,Gadget,4215.66,North
1645,Widget,2126.56,North
1646,Gadget,1818.88,East
1647,Widget,91.37,North
1648,Gadget,1325.97,East
1649,Doohickey,4822.85,West
1650,Doohickey,2475.0,North
1651,Widget,3319.47,South
1652,Widget,2875.77,South
1653,Gadget,1864.79,West
1654,Doohickey,3333.71,West
1655,Widget,465.88,South
1656,Gadget,2269.13,East
1657,Thingmajig,1680.89,North
1658,Gadget,4524.18,West
1659,Gadget,1894.16,South
1660,Doohickey,825.12,West
1661,Gadget,4279.62,East
1662,Gadget,4532.37,North
1663,Widget,3534.68,West
1664,Gadget,904.2,East
1665,Gadget,2865.9,West
1666,Gadget,3621.55,East
1667,Gadget,1776.01,East
1668,Doohickey,3598.8,North
1669,Doohickey,614.09,West
1670,Doohickey,181.69,West
1671,Gadget,4382.12,North
1672,Doohickey,2302.31,South
1673,Widget,4766.3,South
1674,Gadget,3402.76,West
1675,Gadget,1365.77,East
1676,Widget,4651.52,West
1677,Thingmajig,4294.15,West
1678,Widget,1463.89,South
1679,Gadget,434.43,North
1680,Doohickey,4046.54,East
1681,Thingmajig,2439.5,East
1682,Thingmajig,936.92,East
1683,Thingmajig,4301.09,South
1684,Widget,3411.47,North
1685,Gadget,1145.57,West
1686,Thingmajig,1315.84,South
1687,Doohickey,4825.68,West
1688,Thingmajig,4948.84,North
1689,Thingmajig,872.19,East
1690,Doohickey,214.69,West
1691,Thingmajig,804.01,South
1692,Thingmajig,4502.21,West
1693,Thingmajig,2378.8,East
1694,Gadget,4150.59,East
1695,Widget,1899.56,North
1696,Thingmajig,94.22,West
1697,Gadget,2766.92,West
1698,Widget,2477.35,South
1699,Thingmajig,828.26,West
1700,Gadget,4683.54,North
1701,Gadget,1361.14,North
1702,Thingmajig,3565.79,West
1703,Widget,3779.01,West
1704,Thingmajig,3964.22,South
1705,Gadget,2296.22,East
1706,Gadget,1968.7,East
1707,Gadget,2670.83,East
1708,Doohickey,1335.79,North
1709,Thingmajig,4695.61,South
1710,Gadget,4629.77,East
1711,Widget,3119.91,South
1712,Thingmajig,596.07,West
1713,Gadget,1661.01,South
1714,Thingmajig,1797.92,South
1715,Gadget,1091.7,South
1716,Gadget,1680.37,South
1717,Doohickey,1054.25,South
1718,Doohickey,1005.28,North
1719,Thingmajig,4106.5,South
1720,Doohickey,1263.66,North
1721,Widget,386.34,East
1722,Widget,3572.89,West
1723,Gadget,870.43,North
1724,Doohickey,3365.92,North
1725,Doohickey,4130.31,South
1726,Widget,1280.71,East
1727,Gadget,935.91,East
1728,Gadget,4027.11,North
1729,Widget,2954.22,South
1730,Doohickey,4872.12,West
1731,Thingmajig,4066.21,East
1732,Gadget,341.51,South
1733,Doohickey,3200.53,West
1734,Widget,4714.99,East
1735,Widget,2559.19,North
1736,Thingmajig,2970.02,East
1737,Doohickey,3431.67,East
1738,Doohickey,446.74,North
1739,Widget,1757.58,West
1740,Widget,554.07,North
1741,Widget,4810.31,North
1742,Widget,4542.57,North
1743,Doohickey,1284.54,West
1744,Gadget,2310.98,North
1745,Doohickey,3110.41,North
1746,Thingmajig,2569.48,North
1747,Widget,2397.04,West
1748,Gadget,3889.71,North
1749,Thingmajig,3966.2,South
1750,Widget,1267.62,East
1751,Thingmajig,2207.44,South
1752,Gadget,2388.76,West
1753,Thingmajig,1020.47,North
1754,Widget,1520.76,East
1755,Thingmajig,219.86,East
1756,Gadget,1523.45,South
1757,Widget,3197.8,South
1758,Widget,3481.97,East
1759,Gadget,4562.76,East
1760,Gadget,1011.51,West
1761,Widget,4240.67,North
1762,Thingmajig,1490.07,East
1763,Thingmajig,1681.37,North
1764,Thingmajig,872.91,North
1765,Thingmajig,2107.44,North
1766,Widget,1214.31,East
1767,Gadget,565.29,South
1768,Widget,334.02,South
1769,Thingmajig,698.17,West
1770,Widget,4851.02,West
1771,Doohickey,4414.97,East
1772,Gadget,1796.42,West
1773,Gadget,3162.16,East
1774,Thingmajig,400.67,North
1775,Gadget,374.04,South
1776,Doohickey,1262.67,East
1777,Gadget,3770.3,East
1778,Thingmajig,848.65,East
1779,Widget,2742.02,North
1780,Gadget,275.61,West
1781,Gadget,401.4,East
1782,Doohickey,4634.13,North
1783,Doohickey,4244.0,East
1784,Doohickey,2373.96,East
1785,Thingmajig,3794.53,South
1786,Thingmajig,665.38,North
1787,Thingmajig,2234.41,South
1788,Thingmajig,4231.85,North
1789,Gadget,1042.8,South
1790,Doohickey,1594.45,West
1791,Doohickey,3549.24,East
1792,Thingmajig,3553.6,West
1793,Thingmajig,3451.44,East
1794,Doohickey,1215.7,West
1795,Doohickey,3946.81,West
1796,Widget,2190.16,South
1797,Doohickey,369.83,North
1798,Gadget,1441.59,North
1799,Gadget,3095.98,North
1800,Thingmajig,460.61,West
1801,Doohickey,129.93,East
1802,Thingmajig,1035.43,North
1803,Widget,2380.06,East
1804,Thingmajig,596.51,North
1805,Doohickey,4714.3,East
1806,Gadget,1827.11,West
1807,Widget,3231.66,West
1808,Widget,4231.46,West
1809,Thingmajig,1517.18,South
1810,Widget,2902.45,East
1811,Thingmajig,1368.15,South
1812,Doohickey,3995.7,West
1813,Widget,1804.52,North
1814,Gadget,3147.18,North
1815,Doohickey,4677.55,West
1816,Gadget,956.32,South
1817,Widget,1345.71,East
1818,Thingmajig,3405.24,West
1819,Gadget,2343.04,North
1820,Doohickey,769.75,South
1821,Doohickey,1725.71,South
1822,Thingmajig,3860.42,North
1823,Doohickey,1900.03,North
1824,Gadget,2864.05,North
1825,Doohickey,4316.31,East
1826,Widget,3777.75,West
1827,Doohickey,4938.81,South
1828,Thingmajig,3460.59,East
1829,Gadget,1241.33,South
1830,Gadget,3542.36,North
1831,Widget,2421.43,West
1832,Gadget,2179.81,South
1833,Gadget,2152.01,East
1834,Gadget,1865.34,West
1835,Widget,2562.82,West
1836,Doohickey,1396.37,East
1837,Gadget,3469.85,North
1838,Doohickey,520.4,West
1839,Thingmajig,2696.75,East
1840,Widget,436.6,North
1841,Thingmajig,2883.51,West
1842,Thingmajig,1358.6,North
1843,Doohickey,700.97,South
1844,Thingmajig,1559.04,East
1845,Doohickey,691.53,South
1846,Thingmajig,498.04,West
1847,Doohickey,815.35,South
1848,Gadget,3908.05,East
1849,Doohickey,959.72,South
1850,Thingmajig,1702.36,West
1851,Thingmajig,2749.0,North
1852,Doohickey,4352.93,North
1853,Doohickey,2513.46,West
1854,Doohickey,389.53,North
1855,Widget,3624.91,East
1856,Doohickey,1374.16,West
1857,Widget,1824.14,North
1858,Widget,2292.74,South
1859,Widget,3860.05,West
1860,Gadget,94.81,South
1861,Gadget,844.75,South
1862,Thingmajig,273.7,West
1863,Widget,1795.67,North
1864,Gadget,3370.77,West
1865,Thingmajig,2681.12,East
1866,Doohickey,1495.46,North
1867,Gadget,525.61,East
1868,Widget,4247.36,West
1869,Widget,3666.46,East
1870,Gadget,4886.43,South
1871,Doohickey,4586.44,North
1872,Doohickey,1378.7,East
1873,Widget,4787.64,East
1874,Doohickey,443.06,East
1875,Gadget,3120.82,North
1876,Thingmajig,1204.74,North
1877,Doohickey,4855.75,South
1878,Widget,3042.61,South
1879,Doohickey,3862.56,West
1880,Widget,3320.08,West
1881,Thingmajig,669.38,East
1882,Thingmajig,149.69,South
1883,Gadget,1040.08,South
1884,Doohickey,4918.13,West
1885,Doohickey,1726.24,South
1886,Doohickey,484.87,East
1887,Thingmajig,1686.47,North
1888,Gadget,3195.92,South
1889,Gadget,516.34,South
1890,Doohickey,2202.29,South
1891,Widget,361.0,South
1892,Gadget,4962.43,South
1893,Gadget,1696.29,South
1894,Widget,1131.77,North
1895,Gadget,776.4,East
1896,Gadget,1287.37,South
1897,Thingmajig,3318.01,East
1898,Doohickey,3502.57,South
1899,Thingmajig,2046.05,West
1900,Widget,841.14,East
1901,Thingmajig,3836.57,North
1902,Thingmajig,1806.24,West
1903,Thingmajig,3639.31,East
1904,Gadget,4611.16,West
1905,Widget,3727.48,South
1906,Widget,860.39,East
1907,Gadget,3704.1,East
1908,Gadget,138.82,South
1909,Widget,2034.53,South
1910,Widget,4295.62,South
1911,Thingmajig,1405.21,West
1912,Doohickey,3580.38,East
1913,Thingmajig,4387.14,West
1914,Doohickey,4502.68,South
1915,Doohickey,1300.39,East
1916,Doohickey,2240.65,West
1917,Thingmajig,3271.71,West
1918,Doohickey,2342.09,West
1919,Thingmajig,4337.31,East
1920,Thingmajig,1443.37,West
1921,Doohickey,1980.79,West
1922,Widget,4789.49,East
1923,Doohickey,1847.12,West
1924,Gadget,141.28,West
1925,Doohickey,4287.67,South
1926,Doohickey,2643.0,West
1927,Gadget,3894.06,East
1928,Thingmajig,852.92,North
1929,Widget,2909.31,West
1930,Widget,4138.59,North
1931,Thingmajig,1199.53,South
1932,Gadget,2776.73,East
1933,Widget,2460.83,North
1934,Doohickey,4654.22,North
1935,Gadget,3167.09,West
1936,Widget,1659.94,East
1937,Gadget,2808.24,East
1938,Widget,4504.46,South
1939,Thingmajig,4626.06,South
1940,Gadget,3651.61,South
1941,Gadget,4047.08,North
1942,Doohickey,4454.15,West
1943,Doohickey,1555.51,South
1944,Gadget,2707.23,East
1945,Widget,1774.54,South
1946,Thingmajig,3290.0,North
1947,Gadget,3272.66,South
1948,Thingmajig,3159.75,East
1949,Gadget,355.22,West
1950,Widget,2266.24,West
1951,Doohickey,2656.62,West
1952,Widget,4546.05,East
1953,Widget,4288.12,West
1954,Gadget,4815.96,North
1955,Doohickey,2934.64,West
1956,Gadget,972.63,East
1957,Thingmajig,4647.31,South
1958,Doohickey,2524.46,North
1959,Gadget,4676.49,East
1960,Doohickey,2864.75,North
1961,Gadget,3557.6,West
1962,Doohickey,226.0,North
1963,Gadget,2961.6,West
1964,Thingmajig,2077.78,West
1965,Doohickey,814.54,South
1966,Thingmajig,1639.09,East
1967,Widget,4699.36,South
1968,Gadget,3478.39,South
1969,Gadget,4248.24,West
1970,Thingmajig,1916.98,South
1971,Thingmajig,4131.88,North
1972,Gadget,3931.78,East
1973,Gadget,3433.02,South
1974,Widget,165.04,North
1975,Gadget,2669.82,East
1976,Widget,1549.06,West
1977,Doohickey,3091.16,West
1978,Doohickey,966.63,West
1979,Doohickey,1529.93,East
1980,Doohickey,1311.12,West
1981,Gadget,577.85,North
1982,Widget,4706.59,West
1983,Doohickey,1716.03,East
1984,Widget,3872.33,South
1985,Widget,639.49,South
1986,Doohickey,2489.95,West
1987,Doohickey,4967.34,North
1988,Thingmajig,4614.86,North
1989,Thingmajig,1120.55,North
1990,Thingmajig,1522.42,West
1991,Gadget,3610.56,North
1992,Doohickey,1579.54,West
1993,Widget,191.5,East
1994,Widget,1697.33,West
1995,Doohickey,3617.31,North
1996,Doohickey,2704.64,East
1997,Widget,1405.49,East
1998,Gadget,815.4,West
1999,Doohickey,1207.73,East
2000,Gadget,2276.88,North
2001,Thingmajig,3536.32,West
2002,Widget,3948.71,East
2003,Widget,2561.39,North
2004,Gadget,450.4,East
2005,Doohickey,3975.83,North
2006,Widget,527.4,North
2007,Widget,1794.9,South
2008,Doohickey,154.7,East
2009,Doohickey,1869.15,North
2010,Gadget,1182.99,South
2011,Thingmajig,2014.69,North
2012,Gadget,1366.78,East
2013,Thingmajig,2741.05,South
2014,Gadget,715.34,South
2015,Gadget,2593.23,East
2016,Widget,2577.19,North
2017,Thingmajig,2537.75,West
2018,Doohickey,4052.39,East
2019,Gadget,2548.65,West
2020,Doohickey,4092.39,East
2021,Doohickey,815.76,North
2022,Thingmajig,3093.02,North
2023,Widget,3987.71,East
2024,Gadget,3946.25,North
2025,Doohickey,1435.46,North
2026,Widget,4102.28,South
2027,Widget,4870.6,North
2028,Widget,4321.83,West
2029,Doohickey,4380.3,East
2030,Thingmajig,370.5,South
2031,Gadget,502.78,North
2032,Widget,1415.14,North
2033,Gadget,1691.62,East
2034,Doohickey,3849.37,South
2035,Thingmajig,1706.65,South
2036,Widget,1779.42,West
2037,Gadget,3407.82,West
2038,Widget,3328.55,East
2039,Widget,1478.31,East
2040,Thingmajig,3977.89,South
2041,Doohickey,4170.04,South
2042,Doohickey,3327.72,West
2043,Doohickey,1418.08,East
2044,Doohickey,4198.05,South
2045,Widget,766.63,North
2046,Thingmajig,3960.81,North
2047,Gadget,599.45,East
2048,Thingmajig,4338.85,South
2049,Thingmajig,178.15,East
2050,Doohickey,3817.57,North
2051,Widget,2021.63,South
2052,Widget,844.04,South
2053,Gadget,4928.33,South
2054,Widget,3851.55,North
2055,Doohickey,2893.51,West
2056,Widget,502.29,East
2057,Doohickey,947.85,South
2058,Thingmajig,4549.43,North
2059,Gadget,3098.44,South
2060,Widget,2741.15,East
2061,Doohickey,2031.51,West
2062,Gadget,1141.26,West
2063,Widget,4698.69,South
2064,Thingmajig,3047.59,West
2065,Thingmajig,4562.75,East
2066,Gadget,2710.32,North
2067,Thingmajig,4658.96,East
2068,Thingmajig,81.99,West
2069,Gadget,113.51,West
2070,Thingmajig,4246.25,South
2071,Widget,2393.78,South
2072,Thingmajig,1357.24,West
2073,Doohickey,776.43,North
2074,Thingmajig,3953.34,West
2075,Doohickey,1291.98,West
2076,Thingmajig,4611.04,West
2077,Doohickey,970.7,South
2078,Widget,4688.35,South
2079,Gadget,1835.06,South
2080,Gadget,4939.83,South
2081,Gadget,167.95,West
2082,Widget,1359.33,East
2083,Thingmajig,3516.77,South
2084,Gadget,2917.94,North
2085,Widget,2223.76,West
2086,Gadget,471.15,West
2087,Doohickey,3674.8,South
2088,Gadget,4025.97,South
2089,Doohickey,1025.65,North
2090,Doohickey,1979.32,South
2091,Doohickey,1284.19,South
2092,Gadget,2120.69,West
2093,Widget,2436.44,West
2094,Widget,3066.06,East
2095,Doohickey,2540.86,North
2096,Doohickey,452.35,North
2097,Gadget,4053.51,East
2098,Gadget,4411.22,West
2099,Widget,3397.63,West
2100,Gadget,4315.64,South
2101,Widget,2935.63,West
2102,Doohickey,4632.86,North
2103,Gadget,4016.54,South
2104,Doohickey,2576.19,North
2105,Doohickey,2859.34,North
2106,Widget,3795.77,West
2107,Widget,2195.96,North
2108,Thingmajig,1565.46,West
2109,Doohickey,3449.08,West
2110,Doohickey,3769.86,South
2111,Widget,3297.95,West
2112,Thingmajig,1624.26,South
2113,Gadget,712.28,South
2114,Gadget,3271.52,East
2115,Widget,4435.06,East
2116,Thingmajig,2138.72,South
2117,Widget,611.52,East
2118,Doohickey,2778.64,North
2119,Doohickey,1333.86,East
2120,Doohickey,1002.68,East
2121,Gadget,4509.2,East
2122,Widget,1697.68,East
2123,Widget,4540.96,South
2124,Gadget,1487.08,East
2125,Gadget,636.34,South
2126,Widget,1557.27,West
2127,Doohickey,231.34,North
2128,Widget,436.54,North
2129,Thingmajig,989.08,South
2130,Doohickey,717.51,West
2131,Thingmajig,4294.36,East
2132,Doohickey,4238.97,East
2133,Widget,1022.15,West
2134,Thingmajig,1229.69,West
2135,Thingmajig,4993.36,West
2136,Gadget,3243.73,East
2137,Gadget,3246.15,North
2138,Widget,2454.25,East
2139,Gadget,1571.66,East
2140,Gadget,2094.81,North
2141,Gadget,2060.86,North
2142,Thingmajig,2217.66,North
2143,Widget,63.52,North
2144,Widget,4205.54,South
2145,Widget,561.8,South
2146,Thingmajig,1399.26,West
2147,Widget,2551.6,West
2148,Doohickey,3060.42,North
2149,Thingmajig,310.99,North
2150,Doohickey,3581.79,West
2151,Widget,1929.02,South
2152,Doohickey,3384.55,South
2153,Doohickey,2034.82,West
2154,Gadget,1182.61,West
2155,Thingmajig,1233.61,South
2156,Doohickey,2336.65,South
2157,Widget,2334.01,East
2158,Doohickey,200.46,East
2159,Widget,4549.87,South
2160,Doohickey,1140.83,East
2161,Doohickey,1040.06,North
2162,Doohickey,223.18,West
2163,Thingmajig,4766.59,South
2164,Widget,2972.72,East
2165,Thingmajig,4539.85,North
2166,Doohickey,1512.69,North
2167,Thingmajig,1206.45,East
2168,Thingmajig,506.63,South
2169,Thingmajig,1164.9,East
2170,Gadget,4163.58,South
2171,Thingmajig,4489.89,West
2172,Widget,1837.05,North
2173,Gadget,766.05,South
2174,Doohickey,2956.24,West
2175,Gadget,2058.96,South
2176,Widget,3076.15,South
2177,Doohickey,2231.88,West
2178,Thingmajig,4922.05,East
2179,Doohickey,898.95,South
2180,Thingmajig,1882.64,West
2181,Doohickey,2969.24,East
2182,Widget,4238.45,North
2183,Widget,2480.14,North
2184,Gadget,110.85,South
2185,Thingmajig,2748.14,West
2186,Thingmajig,3234.87,West
2187,Widget,4954.22,West
2188,Doohickey,1561.68,North
2189,Gadget,1687.23,West
2190,Thingmajig,4186.89,East
2191,Thingmajig,3394.21,North
2192,Gadget,2284.19,East
2193,Thingmajig,4175.33,South
2194,Widget,3977.97,West
2195,Doohickey,2068.91,West
2196,Gadget,1249.93,East
2197,Widget,1154.28,South
2198,Doohickey,127.5,West
2199,Widget,1944.26,North
2200,Thingmajig,1823.93,South
2201,Thingmajig,735.58,West
2202,Widget,62.82,East
2203,Doohickey,4469.33,South
2204,Thingmajig,2866.21,East
2205,Thingmajig,4549.36,South
2206,Gadget,3634.93,South
2207,Gadget,1590.92,South
2208,Doohickey,3267.7,North
2209,Widget,3391.95,West
2210,Gadget,114.36,South
2211,Doohickey,828.5,South
2212,Doohickey,4094.15,West
2213,Thingmajig,1772.54,East
2214,Doohickey,1013.79,West
2215,Gadget,615.47,West
2216,Widget,1905.33,West
2217,Doohickey,1378.1,West
2218,Widget,1186.34,West
2219,Thingmajig,196.16,South
2220,Gadget,3056.16,South
2221,Thingmajig,4055.08,West
2222,Thingmajig,2102.59,East
2223,Doohickey,1270.39,East
2224,Thingmajig,1547.26,West
2225,Doohickey,2932.8,West
2226,Widget,1267.34,West
2227,Thingmajig,1932.68,South
2228,Widget,2410.56,East
2229,Widget,2511.09,South
2230,Doohickey,439.14,East
2231,Gadget,510.11,West
2232,Widget,470.55,East
2233,Gadget,226.7,North
2234,Widget,2000.94,South
2235,Thingmajig,1103.9,West
2236,Doohickey,1834.11,West
2237,Gadget,2173.21,North
2238,Gadget,4565.8,East
2239,Thingmajig,1381.18,East
2240,Gadget,4384.49,North
2241,Gadget,3292.45,East
2242,Gadget,4162.12,South
2243,Doohickey,237.02,North
2244,Thingmajig,1190.65,South
2245,Doohickey,1595.7,East
2246,Doohickey,2690.37,West
2247,Doohickey,4432.19,East
2248,Doohickey,82.55,East
2249,Thingmajig,2087.93,East
2250,Widget,1472.76,East
2251,Widget,3611.25,East
2252,Widget,1813.2,West
2253,Doohickey,2171.49,North
2254,Doohickey,839.26,East
2255,Gadget,2152.65,South
2256,Widget,3668.6,North
2257,Thingmajig,261.17,East
2258,Widget,3962.17,North
2259,Thingmajig,2708.06,East
2260,Doohickey,747.48,North
2261,Gadget,2977.39,South
2262,Widget,2359.76,South
2263,Doohickey,4638.99,North
2264,Thingmajig,756.52,West
2265,Gadget,3734.33,South
2266,Doohickey,2945.84,North
2267,Doohickey,4604.7,West
2268,Widget,3042.22,South
2269,Thingmajig,862.19,South
2270,Widget,1612.42,North
2271,Widget,1954.24,East
2272,Widget,4332.0,South
2273,Doohickey,1302.0,North
2274,Widget,4740.34,West
2275,Widget,1103.51,North
2276,Thingmajig,3956.06,North
2277,Thingmajig,4821.1,East
2278,Widget,1773.33,West
2279,Widget,1038.26,South
2280,Thingmajig,818.76,South
2281,Gadget,78.92,South
2282,Gadget,389.13,East
2283,Widget,3904.37,West
2284,Gadget,2710.01,West
2285,Widget,3414.28,South
2286,Widget,3074.55,South
2287,Thingmajig,4161.09,West
2288,Gadget,4866.94,North
2289,Widget,1492.13,North
2290,Doohickey,139.6,South
2291,Widget,3112.91,North
2292,Widget,3849.5,East
2293,Gadget,902.86,West
2294,Doohickey,4341.41,North
2295,Doohickey,2358.25,West
2296,Widget,835.9,North
2297,Thingmajig,508.07,East
2298,Widget,3098.19,North
2299,Doohickey,1482.86,South
2300,Gadget,4613.31,West
2301,Doohickey,4762.23,East
2302,Gadget,91.5,East
2303,Doohickey,4084.36,West
2304,Gadget,4759.9,West
2305,Gadget,2102.57,East
2306,Gadget,2886.65,South
2307,Doohickey,2315.05,East
2308,Widget,3710.34,North
2309,Doohickey,4840.42,North
2310,Doohickey,843.29,West
2311,Widget,3120.08,East
2312,Thingmajig,4478.06,North
2313,Doohickey,4734.71,West
2314,Gadget,3942.29,West
2315,Thingmajig,2651.61,North
2316,Gadget,4551.05,South
2317,Doohickey,642.95,West
2318,Doohickey,1407.62,South
2319,Widget,2690.37,North
2320,Gadget,4282.51,South
2321,Doohickey,4496.64,North
2322,Thingmajig,3920.26,West
2323,Widget,1568.57,North
2324,Gadget,4123.38,East
2325,Doohickey,2855.26,West
2326,Widget,1354.6,North
2327,Thingmajig,4740.11,South
2328,Thingmajig,522.31,North
2329,Doohickey,2841.76,North
2330,Gadget,3372.12,West
2331,Doohickey,2189.65,South
2332,Gadget,3409.88,West
2333,Gadget,1959.48,East
2334,Doohickey,4066.83,East
2335,Thingmajig,4335.84,South
2336,Doohickey,4152.23,North
2337,Gadget,521.12,South
2338,Gadget,4294.47,South
2339,Doohickey,4840.98,South
2340,Gadget,861.8,West
2341,Thingmajig,4583.42,West
2342,Thingmajig,4341.18,West
2343,Doohickey,2118.61,East
2344,Thingmajig,1551.83,West
2345,Gadget,1145.32,West
2346,Gadget,4393.55,South
2347,Doohickey,3056.94,North
2348,Thingmajig,4347.73,West
2349,Thingmajig,2953.27,East
2350,Doohickey,1064.69,South
2351,Thingmajig,4999.69,South
2352,Gadget,1230.1,North
2353,Widget,4148.39,East
2354,Widget,2166.6,East
2355,Thingmajig,531.02,North
2356,Gadget,539.45,South
2357,Doohickey,2662.99,East
2358,Doohickey,104.95,East
2359,Doohickey,1730.38,North
2360,Doohickey,1392.62,East
2361,Doohickey,3613.6,South
2362,Thingmajig,2166.66,North
2363,Thingmajig,2909.34,West
2364,Doohickey,2693.18,East
2365,Widget,1697.71,South
2366,Thingmajig,4548.23,West
2367,Thingmajig,4444.41,East
2368,Doohickey,490.65,South
2369,Gadget,4295.68,West
2370,Gadget,1924.34,West
2371,Gadget,154.27,North
2372,Widget,2749.41,West
2373,Thingmajig,3944.48,West
2374,Widget,3135.59,South
2375,Doohickey,592.35,North
2376,Doohickey,620.9,East
2377,Gadget,1877.81,West
2378,Widget,648.45,East
2379,Gadget,1645.54,West
2380,Gadget,3961.7,North
2381,Thingmajig,1808.15,North
2382,Thingmajig,4374.3,North
2383,Thingmajig,2971.38,North
2384,Gadget,3633.48,West
2385,Widget,578.9,North
2386,Widget,3727.18,East
2387,Gadget,4668.62,North
2388,Doohickey,4298.67,West
2389,Widget,3202.34,West
2390,Thingmajig,1243.66,West
2391,Thingmajig,4262.21,East
2392,Widget,1715.39,North
2393,Thingmajig,4771.93,East
2394,Doohickey,3286.04,East
2395,Widget,3452.96,West
2396,Gadget,1352.75,West
2397,Thingmajig,3648.05,East
2398,Gadget,359.13,West
2399,Doohickey,4535.34,North
2400,Gadget,2023.32,South
2401,Widget,2223.35,North
2402,Gadget,4781.03,East
2403,Widget,313.73,East
2404,Widget,3864.8,North
2405,Gadget,4887.04,South
2406,Widget,1091.06,West
2407,Thingmajig,1042.02,South
2408,Widget,2765.69,West
2409,Widget,3600.07,West
2410,Thingmajig,1198.93,West
2411,Doohickey,655.26,North
2412,Doohickey,1016.04,North
2413,Widget,1007.06,South
2414,Thingmajig,3797.46,South
2415,Gadget,2369.02,North
2416,Doohickey,3100.79,North
2417,Widget,4780.87,East
2418,Thingmajig,4452.84,West
2419,Gadget,2424.12,North
2420,Thingmajig,537.79,East
2421,Thingmajig,3968.88,East
2422,Gadget,4138.57,South
2423,Thingmajig,167.43,East
2424,Widget,3338.41,East
2425,Doohickey,3768.16,West
2426,Doohickey,2719.41,East
2427,Doohickey,2466.54,East
2428,Gadget,2278.77,East
2429,Thingmajig,1270.47,West
2430,Thingmajig,888.49,South
2431,Gadget,3603.81,West
2432,Thingmajig,2999.29,East
2433,Thingmajig,391.17,North
2434,Thingmajig,3493.6,South
2435,Gadget,2264.51,North
2436,Widget,3042.61,West
2437,Widget,176.59,East
2438,Thingmajig,4552.14,South
2439,Thingmajig,2985.1,North
2440,Widget,3145.54,North
2441,Gadget,1127.86,South
2442,Gadget,4377.8,East
2443,Widget,1282.25,South
2444,Gadget,3368.63,East
2445,Gadget,3105.07,South
2446,Thingmajig,1987.93,West
2447,Gadget,4990.82,West
2448,Thingmajig,2464.17,East
2449,Doohickey,4630.62,West
2450,Thingmajig,2109.79,East
2451,Gadget,3162.6,North
2452,Gadget,76.9,West
2453,Thingmajig,3910.74,South
2454,Widget,4052.92,North
2455,Widget,2790.06,East
2456,Thingmajig,1039.64,East
2457,Thingmajig,3868.02,West
2458,Doohickey,4560.96,West
2459,Gadget,1001.16,East
2460,Doohickey,3361.56,North
2461,Doohickey,4243.84,East
2462,Doohickey,1557.27,East
2463,Gadget,1455.25,West
2464,Thingmajig,3906.05,West
2465,Thingmajig,95.79,West
2466,Doohickey,1524.11,West
2467,Widget,1172.78,West
2468,Gadget,3665.85,East
2469,Widget,2432.16,East
2470,Doohickey,4664.06,West
2471,Gadget,745.07,West
2472,Widget,3631.42,West
2473,Gadget,3226.87,North
2474,Widget,2440.08,West
2475,Thingmajig,3814.65,North
2476,Widget,2267.61,North
2477,Widget,4779.07,East
2478,Gadget,657.21,North
2479,Doohickey,1654.28,North
2480,Widget,4309.45,West
2481,Gadget,432.91,West
2482,Thingmajig,977.06,South
2483,Widget,1031.91,South
2484,Gadget,825.86,West
2485,Doohickey,2749.87,East
2486,Widget,553.01,North
2487,Widget,3185.39,North
2488,Gadget,129.66,South
2489,Gadget,637.68,East
2490,Gadget,673.89,North
2491,Thingmajig,1445.23,West
2492,Widget,2309.45,North
2493,Gadget,4215.48,South
2494,Gadget,810.26,East
2495,Gadget,412.43,South
2496,Doohickey,2331.36,West
2497,Widget,3682.85,North
2498,Thingmajig,4106.05,East
2499,Widget,2600.66,West
2500,Gadget,2644.28,South
2501,Gadget,2086.65,East
2502,Doohickey,665.21,North
2503,Doohickey,692.74,West
2504,Widget,1154.37,North
2505,Gadget,3720.17,East
2506,Doohickey,3776.02,West
2507,Thingmajig,3877.88,North
2508,Doohickey,1038.34,North
2509,Widget,4463.19,West
2510,Doohickey,4950.18,West
2511,Thingmajig,601.39,East
2512,Thingmajig,3791.23,West
2513,Thingmajig,639.54,North
2514,Thingmajig,1746.71,North
2515,Thingmajig,51.6,North
2516,Gadget,3371.11,East
2517,Thingmajig,3253.11,North
2518,Thingmajig,426.07,East
2519,Doohickey,4391.09,East
2520,Widget,4682.55,East
2521,Widget,2423.34,West
2522,Doohickey,1636.86,South
2523,Thingmajig,4934.71,North
2524,Thingmajig,3160.29,West
2525,Widget,2160.23,West
2526,Widget,3920.79,South
2527,Gadget,2003.54,West
2528,Doohickey,4155.6,West
2529,Gadget,3157.19,South
2530,Widget,2122.31,North
2531,Gadget,3687.86,East
2532,Widget,3906.97,South
2533,Gadget,530.19,East
2534,Gadget,3041.96,South
2535,Thingmajig,2404.29,North
2536,Doohickey,3288.9,West
2537,Gadget,2859.83,East
2538,Gadget,2739.32,North
2539,Thingmajig,1479.37,South
2540,Gadget,3234.64,East
2541,Gadget,1329.11,South
2542,Widget,3354.03,South
2543,Gadget,2898.43,North
2544,Doohickey,1980.1,East
2545,Doohickey,2846.53,North
2546,Doohickey,1984.95,West
2547,Thingmajig,2458.95,East
2548,Thingmajig,391.87,West
2549,Thingmajig,4336.61,North
2550,Doohickey,2931.49,North
2551,Doohickey,4612.36,West
2552,Gadget,1923.42,North
2553,Thingmajig,4312.01,South
2554,Doohickey,1331.14,South
2555,Gadget,2071.57,North
2556,Doohickey,3313.07,North
2557,Widget,3157.58,West
2558,Doohickey,422.51,East
2559,Widget,4167.23,East
2560,Doohickey,559.59,West
2561,Thingmajig,1437.68,North
2562,Gadget,1434.1,South
2563,Doohickey,1492.54,North
2564,Doohickey,1521.68,East
2565,Doohickey,2478.62,North
2566,Widget,166.58,North
2567,Thingmajig,3241.0,West
2568,Doohickey,3739.76,East
2569,Doohickey,58.46,East
2570,Widget,2550.43,North
2571,Thingmajig,4005.28,West
2572,Thingmajig,2359.53,North
2573,Doohickey,1634.46,South
2574,Gadget,2021.58,East
2575,Gadget,69.92,West
2576,Gadget,630.67,South
2577,Doohickey,851.37,South
2578,Thingmajig,2646.36,West
2579,Widget,3776.72,West
2580,Widget,2253.62,East
2581,Doohickey,2977.79,East
2582,Gadget,2226.32,East
2583,Doohickey,3235.47,West
2584,Gadget,124.95,East
2585,Thingmajig,669.66,South
2586,Widget,3899.11,North
2587,Doohickey,2223.51,South
2588,Gadget,1704.09,East
2589,Gadget,4009.89,South
2590,Gadget,1776.71,West
2591,Thingmajig,1485.26,North
2592,Gadget,4735.51,West
2593,Gadget,4233.72,South
2594,Thingmajig,4632.17,West
2595,Gadget,1476.14,East
2596,Widget,4211.85,South
2597,Gadget,4234.96,East
2598,Doohickey,910.88,West
2599,Gadget,3136.18,East
2600,Doohickey,4768.73,South
2601,Gadget,4018.92,East
2602,Doohickey,284.86,West
2603,Gadget,205.37,North
2604,Doohickey,2081.56,West
2605,Gadget,4637.58,East
2606,Doohickey,2047.2,West
2607,Gadget,3550.31,North
2608,Gadget,1030.59,North
2609,Doohickey,875.71,East
2610,Thingmajig,3266.22,North
2611,Gadget,2488.3,West
2612,Widget,1682.86,East
2613,Widget,4606.69,North
2614,Widget,1959.66,North
2615,Gadget,2967.75,East
2616,Thingmajig,2354.32,East
2617,Gadget,552.95,West
2618,Widget,3339.46,East
2619,Widget,2284.31,West
2620,Doohickey,4033.71,West
2621,Widget,4462.81,East
2622,Thingmajig,4622.19,West
2623,Doohickey,1771.98,South
2624,Thingmajig,1623.27,North
2625,Thingmajig,3252.69,North
2626,Doohickey,3875.75,North
2627,Thingmajig,3119.26,West
2628,Thingmajig,2991.46,South
2629,Doohickey,3248.53,West
2630,Widget,4023.93,East
2631,Doohickey,4651.22,East
2632,Doohickey,4165.49,North
2633,Doohickey,2985.3,North
2634,Gadget,1436.59,North
2635,Gadget,2882.18,South
2636,Widget,4982.22,East
2637,Gadget,1236.91,North
2638,Doohickey,3444.11,South
2639,Thingmajig,3853.27,East
2640,Gadget,4180.19,South
2641,Widget,1216.23,North
2642,Widget,4781.97,North
2643,Widget,1738.74,North
2644,Gadget,3740.72,West
2645,Widget,4398.22,North
2646,Gadget,3178.34,South
2647,Thingmajig,1815.56,South
2648,Thingmajig,1638.09,West
2649,Doohickey,4369.38,East
2650,Widget,934.14,South
2651,Doohickey,889.85,East
2652,Gadget,1075.06,West
2653,Widget,2159.81,East
2654,Doohickey,2826.41,East
2655,Thingmajig,4673.38,South
2656,Widget,180.35,North
2657,Widget,3943.42,North
2658,Thingmajig,1703.38,North
2659,Widget,3025.93,South
2660,Widget,3002.91,North
2661,Gadget,3928.87,North
2662,Thingmajig,4545.02,South
2663,Doohickey,1731.05,West
2664,Gadget,3529.33,South
2665,Widget,1312.54,West
2666,Thingmajig,4485.75,East
2667,Thingmajig,1367.23,West
2668,Thingmajig,1198.94,East
2669,Doohickey,1817.44,West
2670,Doohickey,3175.87,North
2671,Gadget,1338.38,South
2672,Gadget,2828.54,South
2673,Thingmajig,3457.36,North
2674,Widget,2343.26,West
2675,Widget,2468.89,West
2676,Widget,1976.87,West
2677,Doohickey,4088.54,East
2678,Doohickey,2449.4,East
2679,Gadget,104.84,South
2680,Gadget,4611.62,South
2681,Widget,3944.03,North
2682,Widget,4605.86,North
2683,Widget,2134.35,North
2684,Gadget,1878.24,East
2685,Widget,4071.25,North
2686,Thingmajig,693.69,West
2687,Gadget,4165.64,East
2688,Doohickey,2548.91,East
2689,Gadget,2250.32,North
2690,Gadget,2825.06,North
2691,Gadget,2575.28,East
2692,Widget,4213.32,North
2693,Gadget,4797.3,North
2694,Thingmajig,4121.64,South
2695,Widget,1977.02,East
2696,Doohickey,1241.24,East
2697,Gadget,4899.57,East
2698,Thingmajig,2672.51,East
2699,Thingmajig,2390.61,North
2700,Thingmajig,1610.08,South
2701,Widget,116.72,South
2702,Gadget,562.74,East
2703,Gadget,1466.51,West
2704,Doohickey,4075.16,South
2705,Thingmajig,2875.3,North
2706,Thingmajig,755.59,South
2707,Doohickey,2090.62,North
2708,Doohickey,4187.86,North
2709,Gadget,1880.95,South
2710,Gadget,3934.8,West
2711,Gadget,2684.29,East
2712,Widget,1517.29,South
2713,Doohickey,596.21,North
2714,Gadget,4533.68,West
2715,Doohickey,3994.6,North
2716,Gadget,4921.82,North
2717,Doohickey,4223.66,North
2718,Widget,1943.77,South
2719,Doohickey,2582.36,West
2720,Widget,2428.68,East
2721,Widget,1710.47,North
2722,Doohickey,969.35,North
2723,Gadget,3487.19,West
2724,Thingmajig,3962.53,West
2725,Widget,2670.46,West
2726,Thingmajig,1458.67,East
2727,Thingmajig,619.08,West
2728,Gadget,3388.61,North
2729,Gadget,2726.25,West
2730,Widget,1969.46,North
2731,Gadget,4917.89,North
2732,Gadget,4551.85,West
2733,Gadget,2272.11,North
2734,Gadget,4926.95,South
2735,Gadget,2557.67,North
2736,Widget,4198.39,West
2737,Thingmajig,2223.42,North
2738,Doohickey,2772.77,South
2739,Gadget,926.85,East
2740,Gadget,685.91,South
2741,Doohickey,108.94,North
2742,Thingmajig,1803.99,North
2743,Doohickey,2545.3,West
2744,Widget,2317.68,West
2745,Gadget,243.01,West
2746,Doohickey,1943.06,North
2747,Widget,2904.1,East
2748,Thingmajig,271.54,North
2749,Thingmajig,4146.78,North
2750,Thingmajig,839.32,West
2751,Widget,3852.79,South
2752,Gadget,2664.55,South
2753,Thingmajig,526.66,South
2754,Widget,2397.03,West
2755,Gadget,2640.86,South
2756,Thingmajig,3819.65,East
2757,Widget,3061.27,West
2758,Widget,198.01,North
2759,Doohickey,1230.79,East
2760,Doohickey,57.1,West
2761,Widget,3145.25,West
2762,Widget,2989.53,West
2763,Widget,1737.26,West
2764,Widget,1515.65,West
2765,Widget,4783.97,South
2766,Widget,308.44,South
2767,Thingmajig,3051.68,North
2768,Gadget,3678.25,East
2769,Gadget,2607.7,West
2770,Gadget,3761.66,North
2771,Doohickey,4078.5,North
2772,Gadget,3562.77,East
2773,Gadget,1693.11,North
2774,Widget,2234.18,North
2775,Thingmajig,4991.46,South
2776,Doohickey,3416.53,South
2777,Gadget,4165.23,North
2778,Doohickey,4444.27,South
2779,Thingmajig,2033.85,West
2780,Gadget,587.81,East
2781,Widget,1924.13,East
2782,Widget,1423.15,North
2783,Gadget,299.4,North
2784,Widget,4607.56,East
2785,Doohickey,1873.14,South
2786,Thingmajig,1933.45,East
2787,Widget,1870.61,East
2788,Thingmajig,3380.82,East
2789,Widget,305.72,East
2790,Doohickey,2766.73,West
2791,Gadget,2189.84,South
2792,Gadget,902.59,West
2793,Doohickey,76.55,North
2794,Doohickey,4391.17,South
2795,Doohickey,2605.13,East
2796,Gadget,4919.55,East
2797,Doohickey,1603.97,West
2798,Doohickey,892.86,South
2799,Widget,75.89,North
2800,Thingmajig,3771.72,West
2801,Widget,4524.0,West
2802,Widget,2496.37,West
2803,Doohickey,3520.96,North
2804,Widget,2787.1,East
2805,Doohickey,2204.7,South
2806,Gadget,4814.18,South
2807,Gadget,3026.97,West
2808,Doohickey,165.82,East
2809,Doohickey,128.37,West
2810,Thingmajig,2067.93,South
2811,Widget,1169.5,West
2812,Widget,4400.33,South
2813,Gadget,3749.2,West
2814,Widget,2216.58,West
2815,Widget,4282.67,West
2816,Doohickey,2883.88,East
2817,Gadget,404.1,North
2818,Gadget,3396.25,West
2819,Doohickey,622.19,West
2820,Doohickey,3337.28,East
2821,Widget,4328.78,West
2822,Widget,4370.81,South
2823,Widget,226.76,North
2824,Gadget,1347.46,South
2825,Widget,571.97,North
2826,Widget,4897.85,South
2827,Gadget,1489.34,West
2828,Doohickey,4332.64,West
2829,Doohickey,479.87,West
2830,Widget,2721.66,North
2831,Gadget,2637.49,East
2832,Widget,4967.59,West
2833,Doohickey,2744.61,South
2834,Widget,4309.41,South
2835,Thingmajig,795.07,West
2836,Gadget,2173.43,East
2837,Thingmajig,1556.06,South
2838,Doohickey,3182.47,North
2839,Doohickey,4171.7,West
2840,Gadget,542.93,East
2841,Thingmajig,2870.32,East
2842,Doohickey,2933.62,North
2843,Doohickey,2250.83,South
2844,Doohickey,782.17,East
2845,Widget,618.26,West
2846,Doohickey,1952.92,South
2847,Widget,4260.95,North
2848,Doohickey,178.08,South
2849,Widget,1724.89,West
2850,Widget,218.72,North
2851,Widget,809.44,West
2852,Thingmajig,4857.95,East
2853,Thingmajig,3163.1,East
2854,Widget,2364.91,South
2855,Doohickey,4319.55,West
2856,Doohickey,534.04,North
2857,Thingmajig,1566.93,South
2858,Thingmajig,4625.26,North
2859,Thingmajig,1509.16,South
2860,Doohickey,1486.08,West
2861,Widget,2228.5,South
2862,Gadget,3245.58,South
2863,Thingmajig,615.34,South
2864,Widget,2286.81,West
2865,Gadget,3873.42,East
2866,Doohickey,3333.32,West
2867,Doohickey,4009.43,South
2868,Thingmajig,1953.31,North
2869,Widget,3293.19,North
2870,Doohickey,2815.89,North
2871,Thingmajig,4643.99,East
2872,Widget,4894.82,West
2873,Widget,2897.17,West
2874,Doohickey,1320.9,East
2875,Gadget,2416.48,North
2876,Gadget,3822.18,East
2877,Thingmajig,692.58,West
2878,Gadget,3326.56,North
2879,Thingmajig,4308.78,South
2880,Doohickey,1308.19,North
2881,Thingmajig,4696.95,East
2882,Widget,3198.17,South
2883,Gadget,1939.57,East
2884,Gadget,1913.68,West
2885,Thingmajig,2805.91,South
2886,Gadget,4951.26,East
2887,Widget,2906.92,East
2888,Doohickey,2179.77,North
2889,Widget,940.76,South
2890,Thingmajig,1530.57,South
2891,Gadget,376.66,South
2892,Doohickey,2327.92,West
2893,Gadget,4247.15,North
2894,Gadget,603.39,West
2895,Thingmajig,4929.48,West
2896,Widget,808.08,North
2897,Thingmajig,195.23,South
2898,Thingmajig,251.14,West
2899,Thingmajig,4114.02,East
2900,Thingmajig,1206.08,South
2901,Gadget,1678.0,North
2902,Widget,2083.35,North
2903,Gadget,1727.81,North
2904,Gadget,2514.07,North
2905,Widget,3526.73,West
2906,Widget,2833.41,East
2907,Doohickey,2816.06,South
2908,Widget,3178.57,North
2909,Thingmajig,4672.49,East
2910,Thingmajig,4956.72,South
2911,Widget,3739.68,West
2912,Doohickey,1192.47,South
2913,Gadget,945.49,West
2914,Gadget,3385.54,West
2915,Gadget,2189.82,West
2916,Doohickey,3957.88,South
2917,Doohickey,4045.07,North
2918,Gadget,1914.32,South
2919,Widget,3122.5,West
2920,Widget,3633.63,North
2921,Widget,773.64,East
2922,Doohickey,2915.49,South
2923,Doohickey,2129.17,North
2924,Gadget,4940.01,South
2925,Doohickey,4745.08,North
2926,Thingmajig,2839.26,North
2927,Widget,1092.46,North
2928,Thingmajig,2090.71,West
2929,Gadget,2792.49,North
2930,Doohickey,2141.95,East
2931,Doohickey,3592.56,East
2932,Gadget,739.75,North
2933,Thingmajig,3183.71,West
2934,Gadget,3042.01,South
2935,Thingmajig,2197.05,South
2936,Widget,1932.22,North
2937,Thingmajig,4988.28,West
2938,Doohickey,1503.92,North
2939,Widget,651.86,East
2940,Widget,2315.16,East
2941,Widget,1076.55,South
2942,Thingmajig,3689.54,North
2943,Widget,3396.43,South
2944,Thingmajig,4907.45,North
2945,Widget,565.58,West
2946,Thingmajig,1035.95,North
2947,Thingmajig,3887.56,West
2948,Thingmajig,216.23,East
2949,Widget,1697.79,South
2950,Doohickey,2379.7,North
2951,Gadget,1315.39,North
2952,Widget,1034.41,East
2953,Thingmajig,3754.68,West
2954,Doohickey,1032.29,West
2955,Doohickey,4956.25,East
2956,Doohickey,1572.57,North
2957,Gadget,2105.97,South
2958,Doohickey,3066.64,West
2959,Doohickey,54.96,South
2960,Gadget,3471.45,South
2961,Thingmajig,3055.31,South
2962,Widget,1564.25,West
2963,Widget,3349.87,North
2964,Thingmajig,3151.31,East
2965,Doohickey,1923.04,South
2966,Thingmajig,639.71,East
2967,Gadget,1733.43,East
2968,Gadget,1312.74,West
2969,Gadget,3449.62,North
2970,Widget,406.06,North
2971,Doohickey,770.69,East
2972,Thingmajig,3536.3,North
2973,Gadget,3797.91,South
2974,Doohickey,4936.59,West
2975,Widget,1571.09,West
2976,Gadget,2928.41,East
2977,Gadget,4544.88,East
2978,Gadget,4776.9,North
2979,Doohickey,2588.55,West
2980,Thingmajig,635.84,North
2981,Gadget,1492.69,South
2982,Doohickey,346.82,West
2983,Thingmajig,4433.04,East
2984,Gadget,2206.08,South
2985,Doohickey,3295.56,North
2986,Doohickey,4968.67,North
2987,Doohickey,545.34,North
2988,Doohickey,4382.03,South
2989,Doohickey,526.02,East
2990,Doohickey,1133.61,West
2991,Gadget,2807.67,South
2992,Thingmajig,188.07,East
2993,Widget,4691.78,North
2994,Thingmajig,2675.87,West
2995,Gadget,1534.06,East
2996,Gadget,4619.37,West
2997,Doohickey,2801.34,South
2998,Doohickey,149.97,East
2999,Thingmajig,2418.8,South
3000,Widget,3957.48,West
3001,Doohickey,3292.63,North
3002,Widget,3843.46,West
3003,Doohickey,4520.53,West
3004,Gadget,3892.09,West
3005,Widget,3181.0,South
3006,Thingmajig,3047.41,North
3007,Widget,3933.34,South
3008,Gadget,3621.0,East
3009,Thingmajig,3081.15,South
3010,Widget,4007.97,East
3011,Doohickey,1916.5,South
3012,Widget,2229.44,North
3013,Doohickey,3589.76,East
3014,Doohickey,1041.28,East
3015,Widget,3143.3,North
3016,Gadget,2775.67,North
3017,Gadget,3730.01,North
3018,Thingmajig,101.15,East
3019,Thingmajig,895.5,East
3020,Gadget,3608.42,South
3021,Thingmajig,4898.54,North
3022,Widget,263.7,North
3023,Doohickey,3265.02,East
3024,Thingmajig,676.24,South
3025,Doohickey,1413.7,West
3026,Doohickey,2262.76,West
3027,Gadget,854.44,South
3028,Doohickey,4343.35,West
3029,Doohickey,183.4,South
3030,Thingmajig,1516.24,East
3031,Doohickey,4828.48,West
3032,Widget,1693.06,South
3033,Widget,2346.98,East
3034,Gadget,1039.1,South
3035,Gadget,2848.25,East
3036,Thingmajig,507.6,South
3037,Gadget,1334.22,East
3038,Doohickey,2625.75,East
3039,Thingmajig,4955.87,South
3040,Widget,3580.7,West
3041,Gadget,4370.87,South
3042,Gadget,3431.7,West
3043,Thingmajig,1479.78,West
3044,Doohickey,1524.9,West
3045,Gadget,1295.11,West
3046,Thingmajig,1194.67,East
3047,Thingmajig,3905.26,South
3048,Widget,176.2,South
3049,Thingmajig,79.82,East
3050,Gadget,2034.33,South
3051,Widget,2299.34,South
3052,Gadget,1748.38,South
3053,Thingmajig,2771.88,South
3054,Gadget,1198.26,North
3055,Gadget,4529.53,North
3056,Doohickey,3460.11,South
3057,Doohickey,2322.89,North
3058,Doohickey,616.18,North
3059,Doohickey,3849.11,West
3060,Gadget,1067.32,East
3061,Gadget,2388.77,South
3062,Thingmajig,3032.76,West
3063,Doohickey,1938.83,North
3064,Gadget,490.94,West
3065,Doohickey,3766.59,East
3066,Doohickey,1874.32,West
3067,Widget,1063.5,North
3068,Doohickey,1407.61,North
3069,Gadget,1802.84,West
3070,Thingmajig,4568.06,North
3071,Thingmajig,418.42,North
3072,Gadget,4480.73,West
3073,Doohickey,3229.67,East
3074,Widget,797.81,North
3075,Gadget,2366.34,North
3076,Thingmajig,3791.62,East
3077,Thingmajig,4930.69,North
3078,Widget,1894.18,South
3079,Widget,4144.18,East
3080,Widget,2357.11,East
3081,Doohickey,2943.25,West
3082,Widget,3640.43,West
3083,Gadget,4920.91,South
3084,Doohickey,406.12,South
3085,Gadget,1433.61,West
3086,Doohickey,2724.35,West
3087,Doohickey,3498.54,South
3088,Doohickey,2664.8,West
3089,Gadget,3651.41,South
3090,Thingmajig,2628.65,North
3091,Widget,109.96,East
3092,Doohickey,4607.45,West
3093,Thingmajig,2782.21,North
3094,Widget,246.79,North
3095,Gadget,3524.98,South
3096,Widget,2347.75,East
3097,Widget,1458.59,South
3098,Widget,3505.79,North
3099,Gadget,4686.4,North
3100,Widget,3114.97,South
3101,Gadget,3166.63,South
3102,Doohickey,4421.06,North
3103,Thingmajig,2280.28,West
3104,Thingmajig,1084.37,South
3105,Doohickey,2852.89,West
3106,Widget,1919.75,North
3107,Gadget,4016.27,East
3108,Doohickey,3846.33,South
3109,Widget,3562.92,North
3110,Doohickey,2785.32,East
3111,Doohickey,3976.0,East
3112,Widget,1271.49,South
3113,Widget,1599.64,North
3114,Widget,4984.07,South
3115,Doohickey,2728.73,South
3116,Widget,287.57,East
3117,Doohickey,3803.51,West
3118,Widget,199.38,North
3119,Thingmajig,3106.5,East
3120,Doohickey,4929.34,North
3121,Gadget,894.88,West
3122,Doohickey,2802.53,East
3123,Widget,2557.64,East
3124,Doohickey,1211.71,North
3125,Doohickey,3145.75,East
3126,Thingmajig,900.86,East
3127,Widget,2090.13,North
3128,Doohickey,3303.4,North
3129,Doohickey,3721.82,South
3130,Gadget,1113.99,East
3131,Doohickey,1391.34,North
3132,Widget,3815.81,West
3133,Gadget,3446.81,West
3134,Doohickey,2670.62,West
3135,Gadget,2810.93,North
3136,Widget,580.45,East
3137,Widget,1607.92,East
3138,Widget,1921.44,West
3139,Doohickey,265.57,North
3140,Doohickey,64.24,East
3141,Thingmajig,4737.45,South
3142,Gadget,2896.13,South
3143,Doohickey,1154.34,North
3144,Doohickey,1315.11,North
3145,Gadget,4528.27,North
3146,Doohickey,1221.08,East
3147,Thingmajig,3410.22,West
3148,Thingmajig,3529.26,North
3149,Doohickey,2287.27,South
3150,Widget,4269.54,West
3151,Doohickey,3095.74,West
3152,Doohickey,1751.87,North
3153,Thingmajig,3582.04,South
3154,Gadget,2831.22,South
3155,Thingmajig,1002.92,North
3156,Widget,3777.79,South
3157,Doohickey,1268.1,North
3158,Widget,627.91,North
3159,Widget,393.08,West
3160,Gadget,675.52,South
3161,Doohickey,900.53,West
3162,Gadget,2128.91,West
3163,Widget,300.83,West
3164,Gadget,767.3,East
3165,Doohickey,299.08,West
3166,Widget,906.99,East
3167,Doohickey,3111.12,North
3168,Gadget,3326.44,West
3169,Thingmajig,188.61,West
3170,Widget,4867.32,North
3171,Doohickey,2349.58,West
3172,Thingmajig,237.27,North
3173,Widget,1781.54,South
3174,Thingmajig,4582.45,South
3175,Widget,2105.92,North
3176,Widget,4976.45,East
3177,Thingmajig,631.62,South
3178,Widget,1926.73,North
3179,Thingmajig,1704.18,North
3180,Thingmajig,2159.92,South
3181,Gadget,2214.42,South
3182,Doohickey,3177.91,North
3183,Gadget,2017.65,West
3184,Gadget,3592.48,East
3185,Doohickey,4546.72,West
3186,Widget,1421.84,South
3187,Widget,3899.81,North
3188,Widget,2867.98,South
3189,Thingmajig,2723.87,West
3190,Gadget,3353.73,East
3191,Gadget,1555.35,North
3192,Gadget,4251.49,East
3193,Doohickey,2566.63,West
3194,Doohickey,863.54,West
3195,Gadget,2441.62,East
3196,Gadget,2353.07,South
3197,Widget,4319.06,North
3198,Widget,1397.49,North
3199,Thingmajig,3119.88,West
3200,Gadget,1723.57,North
3201,Thingmajig,3135.33,South
3202,Thingmajig,4053.29,South
3203,Widget,914.03,North
3204,Doohickey,2020.42,North
3205,Gadget,4875.62,North
3206,Doohickey,4315.31,West
3207,Thingmajig,1991.89,South
3208,Doohickey,1119.44,South
3209,Thingmajig,1104.78,East
3210,Gadget,4244.07,East
3211,Doohickey,3932.8,West
3212,Thingmajig,2191.41,North
3213,Doohickey,4630.16,West
3214,Doohickey,3189.26,North
3215,Doohickey,3867.55,South
3216,Gadget,4066.38,West
3217,Doohickey,4848.47,South
3218,Thingmajig,209.21,North
3219,Thingmajig,518.57,West
3220,Doohickey,3501.88,West
3221,Thingmajig,3037.64,West
3222,Doohickey,2852.52,East
3223,Doohickey,1576.08,West
3224,Gadget,2436.95,East
3225,Gadget,2515.05,East
3226,Gadget,4999.5,West
3227,Thingmajig,946.87,East
3228,Gadget,1607.67,West
3229,Doohickey,243.09,North
3230,Widget,3354.59,East
3231,Gadget,2633.69,South
3232,Gadget,148.11,North
3233,Gadget,544.37,South
3234,Gadget,601.25,West
3235,Widget,4408.89,South
3236,Gadget,3721.79,South
3237,Widget,2133.1,North
3238,Doohickey,625.08,South
3239,Doohickey,3544.9,West
3240,Thingmajig,126.36,West
3241,Doohickey,3129.32,South
3242,Doohickey,4231.88,North
3243,Thingmajig,1192.07,South
3244,Thingmajig,814.91,North
3245,Widget,3418.46,West
3246,Gadget,4921.43,North
3247,Thingmajig,2926.54,East
3248,Doohickey,1602.83,South
3249,Widget,2727.19,East
3250,Gadget,1690.2,North
3251,Thingmajig,1872.26,South
3252,Gadget,886.62,East
3253,Thingmajig,1210.45,West
3254,Widget,2662.41,South
3255,Widget,3118.05,East
3256,Doohickey,1364.05,West
3257,Gadget,2141.38,East
3258,Gadget,3518.11,East
3259,Thingmajig,1337.83,West
3260,Widget,1969.4,North
3261,Widget,4266.57,East
3262,Widget,2338.8,North
3263,Gadget,3925.16,North
3264,Gadget,4324.07,East
3265,Doohickey,2406.94,North
3266,Widget,4571.56,South
3267,Doohickey,2189.56,South
3268,Gadget,1111.85,South
3269,Doohickey,2521.53,North
3270,Thingmajig,1767.97,West
3271,Doohickey,2330.17,South
3272,Widget,1854.65,West
3273,Thingmajig,266.33,East
3274,Doohickey,2321.21,South
3275,Thingmajig,4679.02,South
3276,Thingmajig,1216.02,West
3277,Widget,935.85,South
3278,Doohickey,679.79,North
3279,Widget,717.66,West
3280,Gadget,3033.33,North
3281,Thingmajig,4528.5,West
3282,Thingmajig,4516.49,North
3283,Doohickey,1639.64,East
3284,Doohickey,1259.09,East
3285,Widget,1334.58,West
3286,Widget,2896.04,West
3287,Gadget,4910.48,South
3288,Doohickey,188.97,South
3289,Doohickey,756.53,West
3290,Thingmajig,4160.12,West
3291,Thingmajig,1890.65,South
3292,Widget,2196.73,East
3293,Doohickey,4356.23,North
3294,Thingmajig,955.29,South
3295,Gadget,3193.92,East
3296,Doohickey,2598.69,East
3297,Gadget,1438.34,South
3298,Thingmajig,4490.53,East
3299,Thingmajig,2197.54,South
3300,Widget,439.44,North
3301,Doohickey,4997.64,West
3302,Gadget,511.62,West
3303,Widget,2582.1,West
3304,Gadget,2997.0,North
3305,Widget,2738.18,East
3306,Thingmajig,3618.16,East
3307,Thingmajig,889.02,West
3308,Doohickey,4874.02,East
3309,Widget,343.14,East
3310,Thingmajig,352.53,South
3311,Doohickey,866.17,East
3312,Gadget,1459.93,West
3313,Widget,1906.99,South
3314,Widget,4512.64,East
3315,Doohickey,2230.84,South
3316,Doohickey,128.67,West
3317,Thingmajig,2002.53,North
3318,Doohickey,803.7,East
3319,Thingmajig,1190.4,South
3320,Gadget,1154.01,East
3321,Thingmajig,2292.75,East
3322,Thingmajig,4691.81,North
3323,Doohickey,638.72,East
3324,Doohickey,3862.97,East
3325,Gadget,2389.85,North
3326,Gadget,1409.77,West
3327,Gadget,1457.31,West
3328,Widget,1653.4,South
3329,Doohickey,3772.28,North
3330,Thingmajig,1958.53,East
3331,Thingmajig,1452.52,South
3332,Thingmajig,4024.36,North
3333,Gadget,832.07,South
3334,Gadget,3937.87,East
3335,Doohickey,1748.29,North
3336,Thingmajig,218.56,East
3337,Widget,2240.59,East
3338,Gadget,3239.54,West
3339,Gadget,3605.79,South
3340,Doohickey,4484.22,North
3341,Widget,3360.18,West
3342,Doohickey,3612.25,East
3343,Gadget,533.6,South
3344,Widget,3365.2,North
3345,Thingmajig,1483.9,East
3346,Gadget,668.06,North
3347,Doohickey,236.41,West
3348,Thingmajig,3303.6,North
3349,Widget,944.31,South
3350,Thingmajig,3033.74,East
3351,Gadget,521.89,South
3352,Doohickey,2842.99,North
3353,Doohickey,2912.54,West
3354,Thingmajig,509.73,South
3355,Thingmajig,2502.26,West
3356,Doohickey,3663.63,West
3357,Thingmajig,2115.31,East
3358,Gadget,773.64,East
3359,Thingmajig,4132.97,East
3360,Widget,3604.21,North
3361,Doohickey,2950.0,West
3362,Widget,2504.66,East
3363,Widget,3124.63,West
3364,Doohickey,1857.06,West
3365,Widget,4603.76,South
3366,Doohickey,3152.71,North
3367,Doohickey,3709.16,South
3368,Doohickey,3763.0,East
3369,Gadget,4092.3,South
3370,Gadget,1841.24,South
3371,Gadget,3163.27,South
3372,Doohickey,2079.53,North
3373,Doohickey,581.22,East
3374,Gadget,2146.53,East
3375,Widget,1616.36,East
3376,Gadget,1734.8,North
3377,Gadget,440.48,East
3378,Gadget,1584.7,South
3379,Thingmajig,2028.75,North
3380,Gadget,1039.66,East
3381,Thingmajig,2229.22,South
3382,Doohickey,511.94,West
3383,Gadget,3795.75,North
3384,Thingmajig,3539.1,North
3385,Doohickey,2191.12,North
3386,Thingmajig,4217.37,South
3387,Gadget,1437.83,North
3388,Widget,1380.63,West
3389,Doohickey,1477.75,South
3390,Thingmajig,3812.39,East
3391,Gadget,1448.4,East
3392,Gadget,2533.85,West
3393,Doohickey,786.74,South
3394,Thingmajig,4262.65,South
3395,Widget,1765.71,North
3396,Gadget,2952.16,South
3397,Gadget,3071.45,West
3398,Thingmajig,1464.68,East
3399,Doohickey,3347.94,West
3400,Thingmajig,2793.56,South
3401,Widget,430.04,East
3402,Doohickey,3584.03,West
3403,Widget,4685.36,North
3404,Widget,4172.8,South
3405,Doohickey,872.49,South
3406,Gadget,3499.3,North
3407,Gadget,1074.79,West
3408,Gadget,73.59,East
3409,Doohickey,3900.69,East
3410,Thingmajig,335.81,West
3411,Gadget,268.66,West
3412,Gadget,1254.86,North
3413,Widget,3386.7,West
3414,Widget,61.79,North
3415,Doohickey,1431.27,West
3416,Gadget,2581.58,South
3417,Gadget,3327.54,West
3418,Gadget,3133.08,North
3419,Thingmajig,4918.44,South
3420,Gadget,4234.32,West
3421,Doohickey,2748.85,East
3422,Gadget,3376.88,South
3423,Widget,1000.31,East
3424,Doohickey,3513.82,South
3425,Widget,4355.33,East
3426,Doohickey,2674.72,East
3427,Thingmajig,616.82,North
3428,Widget,1811.47,West
3429,Thingmajig,1801.92,West
3430,Thingmajig,4416.97,North
3431,Doohickey,2870.48,North
3432,Thingmajig,2108.46,East
3433,Thingmajig,1340.13,North
3434,Doohickey,610.66,West
3435,Gadget,1783.16,East
3436,Gadget,4875.15,West
3437,Thingmajig,3109.68,South
3438,Thingmajig,585.74,North
3439,Thingmajig,4137.93,West
3440,Thingmajig,3483.95,South
3441,Doohickey,4525.74,South
3442,Gadget,1071.72,South
3443,Doohickey,3811.37,East
3444,Thingmajig,2935.99,East
3445,Gadget,2831.79,West
3446,Thingmajig,4711.58,East
3447,Widget,4764.2,North
3448,Doohickey,3186.45,West
3449,Widget,2614.81,North
3450,Doohickey,1294.08,West
3451,Doohickey,2452.18,North
3452,Thingmajig,2800.26,West
3453,Doohickey,3165.33,South
3454,Gadget,1998.82,West
3455,Widget,1263.12,North
3456,Thingmajig,733.72,North
3457,Widget,94.9,East
3458,Gadget,4527.68,South
3459,Thingmajig,4855.51,North
3460,Widget,2996.08,West
3461,Doohickey,2776.0,North
3462,Thingmajig,3341.8,North
3463,Gadget,2874.71,North
3464,Thingmajig,2159.67,West
3465,Widget,998.17,East
3466,Doohickey,2901.27,East
3467,Widget,4535.85,West
3468,Doohickey,3321.96,East
3469,Widget,4889.95,North
3470,Gadget,4883.57,West
3471,Doohickey,2726.91,East
3472,Gadget,2063.41,North
3473,Gadget,3365.39,West
3474,Widget,4927.3,East
3475,Doohickey,4201.17,West
3476,Thingmajig,2644.52,South
3477,Thingmajig,712.42,East
3478,Gadget,4065.97,West
3479,Widget,2347.42,South
3480,Thingmajig,4781.6,South
3481,Gadget,2188.3,North
3482,Widget,1656.42,North
3483,Doohickey,3691.75,West
3484,Gadget,3478.17,South
3485,Thingmajig,859.46,South
3486,Thingmajig,4849.18,West
3487,Widget,3254.22,East
3488,Gadget,2029.67,West
3489,Thingmajig,1802.09,South
3490,Doohickey,4645.66,West
3491,Gadget,4553.47,East
3492,Widget,2067.46,West
3493,Thingmajig,2483.82,North
3494,Thingmajig,3897.91,West
3495,Thingmajig,3571.47,East
3496,Thingmajig,1009.52,East
3497,Doohickey,173.38,East
3498,Thingmajig,2118.34,West
3499,Gadget,1401.34,West
3500,Widget,229.16,East
3501,Doohickey,4038.29,North
3502,Doohickey,3613.64,East
3503,Thingmajig,769.48,West
3504,Widget,4721.16,North
3505,Widget,866.7,North
3506,Gadget,2475.88,West
3507,Gadget,693.54,South
3508,Thingmajig,3749.55,North
3509,Thingmajig,2096.95,East
3510,Doohickey,182.26,West
3511,Gadget,4388.52,South
3512,Thingmajig,1842.03,North
3513,Doohickey,2689.68,North
3514,Widget,2434.3,North
3515,Gadget,3241.88,East
3516,Doohickey,190.11,South
3517,Thingmajig,4868.91,South
3518,Widget,1579.0,West
3519,Doohickey,3986.36,West
3520,Thingmajig,1246.83,South
3521,Widget,1540.8,North
3522,Widget,3559.32,East
3523,Thingmajig,1870.21,East
3524,Doohickey,397.8,West
3525,Widget,2590.53,West
3526,Thingmajig,3389.43,South
3527,Thingmajig,3682.48,West
3528,Gadget,2356.26,North
3529,Thingmajig,1397.25,East
3530,Gadget,1678.48,East
3531,Widget,1562.06,East
3532,Gadget,1612.67,East
3533,Thingmajig,331.17,West
3534,Widget,1626.47,North
3535,Gadget,2950.78,West
3536,Gadget,1072.21,North
3537,Doohickey,4278.05,North
3538,Doohickey,1781.33,South
3539,Thingmajig,173.43,North
3540,Doohickey,2943.22,West
3541,Gadget,3160.75,North
3542,Widget,73.51,South
3543,Thingmajig,4592.63,East
3544,Widget,860.08,East
3545,Thingmajig,4510.29,North
3546,Thingmajig,4068.7,South
3547,Widget,1811.37,South
3548,Gadget,3675.52,South
3549,Widget,4464.72,South
3550,Gadget,519.26,North
3551,Gadget,4463.68,South
3552,Doohickey,2134.32,East
3553,Thingmajig,3516.76,South
3554,Doohickey,420.8,South
3555,Doohickey,3497.4,West
3556,Widget,2206.58,West
3557,Doohickey,3033.07,North
3558,Doohickey,1404.92,West
3559,Thingmajig,4607.05,South
3560,Gadget,2923.9,West
3561,Gadget,2077.01,South
3562,Gadget,4236.29,West
3563,Widget,1242.37,North
3564,Thingmajig,861.8,East
3565,Doohickey,728.69,West
3566,Thingmajig,947.58,East
3567,Gadget,2264.49,South
3568,Gadget,1564.91,South
3569,Gadget,939.78,North
3570,Gadget,2493.64,East
3571,Gadget,951.51,North
3572,Widget,2531.5,East
3573,Widget,2411.11,East
3574,Widget,690.76,South
3575,Widget,3364.66,North
3576,Thingmajig,2139.04,South
3577,Gadget,4019.05,North
3578,Widget,3129.17,West
3579,Doohickey,2061.92,South
3580,Gadget,1016.82,South
3581,Thingmajig,2286.74,East
3582,Widget,3539.19,East
3583,Doohickey,213.18,South
3584,Doohickey,2545.48,South
3585,Widget,2447.45,South
3586,Thingmajig,4987.69,West
3587,Widget,4264.89,West
3588,Doohickey,4242.21,South
3589,Doohickey,1241.34,West
3590,Doohickey,1841.0,West
3591,Thingmajig,1000.54,West
3592,Widget,1525.81,South
3593,Thingmajig,3815.88,East
3594,Gadget,503.2,North
3595,Thingmajig,91.85,North
3596,Widget,4469.17,North
3597,Gadget,1204.67,North
3598,Thingmajig,2456.67,East
3599,Thingmajig,822.06,South
3600,Thingmajig,2310.19,South
3601,Widget,1150.69,East
3602,Gadget,1134.96,South
3603,Thingmajig,4087.25,West
3604,Doohickey,4176.64,West
3605,Doohickey,329.93,East
3606,Thingmajig,259.06,East
3607,Doohickey,748.23,South
3608,Gadget,912.15,South
3609,Doohickey,1401.07,East
3610,Doohickey,1044.57,West
3611,Gadget,1145.71,West
3612,Doohickey,1341.86,East
3613,Gadget,3184.44,West
3614,Gadget,4807.84,South
3615,Gadget,2143.5,East
3616,Widget,3535.09,North
3617,Gadget,4940.7,North
3618,Thingmajig,3121.95,South
3619,Thingmajig,3544.85,North
3620,Thingmajig,129.93,East
3621,Doohickey,4378.65,South
3622,Thingmajig,4362.23,West
3623,Doohickey,3296.4,West
3624,Widget,3647.68,North
3625,Widget,2429.79,North
3626,Doohickey,3400.35,South
3627,Doohickey,2526.82,North
3628,Gadget,990.2,East
3629,Thingmajig,2025.71,South
3630,Thingmajig,3489.89,West
3631,Doohickey,2850.15,West
3632,Doohickey,3945.16,East
3633,Doohickey,3503.75,East
3634,Thingmajig,161.43,West
3635,Gadget,604.68,West
3636,Gadget,4804.13,North
3637,Doohickey,539.23,South
3638,Doohickey,2540.62,East
3639,Gadget,2057.91,West
3640,Widget,2147.49,East
3641,Widget,3363.39,West
3642,Widget,857.12,South
3643,Doohickey,1899.23,West
3644,Widget,4495.65,North
3645,Gadget,455.37,East
3646,Doohickey,4202.92,West
3647,Gadget,2838.14,North
3648,Gadget,1517.73,West
3649,Widget,3901.46,North
3650,Doohickey,4821.26,East
3651,Doohickey,1095.33,South
3652,Gadget,817.3,North
3653,Doohickey,3530.56,South
3654,Thingmajig,1500.02,West
3655,Thingmajig,3443.84,East
3656,Widget,4850.44,South
3657,Thingmajig,256.35,West
3658,Widget,901.1,South
3659,Widget,1061.28,South
3660,Gadget,3043.96,West
3661,Thingmajig,271.1,West
3662,Thingmajig,413.03,North
3663,Gadget,2451.78,East
3664,Doohickey,333.24,South
3665,Doohickey,509.92,North
3666,Widget,3213.72,West
3667,Thingmajig,763.85,South
3668,Gadget,799.49,North
3669,Widget,1791.6,West
3670,Doohickey,4763.95,North
3671,Doohickey,2036.5,North
3672,Doohickey,1875.21,East
3673,Thingmajig,367.0,East
3674,Doohickey,3522.54,East
3675,Doohickey,1384.35,South
3676,Widget,4184.96,East
3677,Doohickey,657.3,North
3678,Gadget,166.63,North
3679,Gadget,1359.31,South
3680,Thingmajig,1882.45,North
3681,Doohickey,4997.94,North
3682,Gadget,163.24,East
3683,Thingmajig,2301.68,South
3684,Doohickey,3625.15,East
3685,Widget,4705.19,North
3686,Thingmajig,1809.44,South
3687,Gadget,2684.52,North
3688,Widget,2171.84,South
3689,Widget,3687.16,West
3690,Thingmajig,4497.6,South
3691,Doohickey,4669.42,South
3692,Thingmajig,4375.8,East
3693,Thingmajig,2908.95,South
3694,Widget,566.55,North
3695,Doohickey,104.7,North
3696,Gadget,2534.83,West
3697,Widget,4163.41,West
3698,Doohickey,4948.77,West
3699,Doohickey,1666.05,North
3700,Gadget,2911.77,South
3701,Doohickey,4853.43,East
3702,Widget,4560.1,South
3703,Doohickey,425.01,North
3704,Gadget,397.28,West
3705,Doohickey,2534.99,West
3706,Gadget,3424.36,South
3707,Widget,377.0,West
3708,Gadget,3170.39,South
3709,Gadget,3246.52,East
3710,Gadget,2722.0,South
3711,Doohickey,2089.71,North
3712,Widget,1290.55,North
3713,Doohickey,1714.28,East
3714,Thingmajig,2051.54,West
3715,Widget,4661.82,South
3716,Gadget,1539.26,East
3717,Gadget,66.96,West
3718,Gadget,153.2,West
3719,Doohickey,4590.9,South
3720,Gadget,3583.08,North
3721,Gadget,1440.7,West
3722,Widget,4878.17,North
3723,Doohickey,961.91,North
3724,Doohickey,3750.38,South
3725,Doohickey,417.98,South
3726,Thingmajig,4318.71,North
3727,Gadget,1968.46,North
3728,Gadget,1401.64,North
3729,Widget,3117.91,East
3730,Widget,3718.96,East
3731,Gadget,3335.23,East
3732,Widget,904.89,North
3733,Gadget,765.22,South
3734,Doohickey,1314.01,East
3735,Doohickey,1894.7,West
3736,Gadget,4629.82,West
3737,Thingmajig,1326.35,North
3738,Gadget,352.7,East
3739,Widget,3837.0,South
3740,Thingmajig,2623.62,West
3741,Thingmajig,79.09,South
3742,Doohickey,2959.18,North
3743,Thingmajig,4086.59,West
3744,Widget,1430.31,South
3745,Gadget,3406.69,North
3746,Thingmajig,1220.14,South
3747,Doohickey,1318.05,East
3748,Thingmajig,1753.3,North
3749,Thingmajig,4934.63,South
3750,Doohickey,1507.07,West
3751,Thingmajig,2519.88,South
3752,Thingmajig,4643.73,South
3753,Doohickey,2085.79,North
3754,Thingmajig,2648.5,East
3755,Widget,1598.49,South
3756,Doohickey,1529.4,East
3757,Thingmajig,3710.24,East
3758,Thingmajig,2241.39,North
3759,Doohickey,597.1,North
3760,Thingmajig,1063.01,North
3761,Gadget,707.46,North
3762,Thingmajig,4360.4,West
3763,Gadget,4359.33,South
3764,Widget,919.08,South
3765,Thingmajig,1242.44,North
3766,Widget,4365.38,North
3767,Thingmajig,331.1,East
3768,Thingmajig,1551.01,East
3769,Widget,4504.32,West
3770,Thingmajig,548.08,North
3771,Gadget,3613.87,North
3772,Doohickey,4530.17,North
3773,Widget,3994.82,East
3774,Thingmajig,1176.98,South
3775,Doohickey,3567.95,South
3776,Doohickey,4299.88,West
3777,Doohickey,2929.94,North
3778,Gadget,1876.54,South
3779,Doohickey,2250.49,West
3780,Widget,502.02,North
3781,Thingmajig,4396.53,South
3782,Gadget,2044.72,West
3783,Doohickey,4119.64,West
3784,Gadget,3657.22,South
3785,Thingmajig,1218.72,East
3786,Widget,54.81,East
3787,Thingmajig,408.97,West
3788,Gadget,3644.34,North
3789,Thingmajig,3743.24,East
3790,Gadget,2638.05,West
3791,Thingmajig,3414.73,East
3792,Gadget,1681.01,North
3793,Widget,4468.25,West
3794,Doohickey,2646.16,East
3795,Gadget,799.03,East
3796,Doohickey,329.09,East
3797,Doohickey,1401.43,West
3798,Gadget,3812.48,West
3799,Gadget,1018.09,West
3800,Gadget,4575.67,South
3801,Doohickey,724.18,North
3802,Gadget,1044.39,North
3803,Doohickey,1899.05,South
3804,Gadget,1934.45,West
3805,Widget,392.73,North
3806,Gadget,928.13,North
3807,Gadget,4928.43,East
3808,Doohickey,3366.44,West
3809,Widget,1834.99,East
3810,Doohickey,3487.11,South
3811,Gadget,2459.7,West
3812,Thingmajig,3751.01,North
3813,Gadget,3021.32,North
3814,Doohickey,812.38,North
3815,Widget,4515.1,North
3816,Doohickey,1760.48,East
3817,Thingmajig,993.55,West
3818,Thingmajig,4551.68,North
3819,Doohickey,3481.98,North
3820,Doohickey,3071.75,West
3821,Thingmajig,2372.53,South
3822,Widget,3300.47,East
3823,Gadget,1256.1,South
3824,Thingmajig,2192.82,East
3825,Gadget,1035.45,West
3826,Widget,100.13,West
3827,Doohickey,3128.09,East
3828,Widget,4852.28,East
3829,Doohickey,4712.01,North
3830,Gadget,3234.95,North
3831,Widget,303.16,West
3832,Gadget,1002.09,North
3833,Thingmajig,4224.65,West
3834,Widget,653.87,East
3835,Gadget,1877.45,East
3836,Gadget,3599.56,East
3837,Widget,2509.96,South
3838,Thingmajig,4698.63,West
3839,Gadget,172.01,East
3840,Doohickey,667.9,West
3841,Gadget,4160.06,South
3842,Doohickey,235.08,West
3843,Thingmajig,1122.3,East
3844,Gadget,735.99,South
3845,Thingmajig,4036.17,West
3846,Widget,4464.31,South
3847,Gadget,2653.76,West
3848,Thingmajig,3050.2,East
3849,Gadget,3706.75,West
3850,Thingmajig,1578.52,East
3851,Gadget,3777.37,North
3852,Gadget,2361.81,East
3853,Doohickey,239.54,South
3854,Doohickey,1502.22,South
3855,Widget,4898.39,North
3856,Doohickey,965.99,North
3857,Thingmajig,789.4,West
3858,Gadget,1259.37,South
3859,Doohickey,641.22,West
3860,Thingmajig,3105.92,North
3861,Gadget,1372.29,South
3862,Gadget,1086.0,North
3863,Gadget,136.12,East
3864,Widget,4948.79,East
3865,Doohickey,2710.89,South
3866,Gadget,878.58,South
3867,Thingmajig,694.92,West
3868,Doohickey,4661.32,North
3869,Thingmajig,3671.16,South
3870,Widget,2257.02,North
3871,Doohickey,2935.22,West
3872,Gadget,3496.06,West
3873,Doohickey,2684.33,South
3874,Doohickey,3502.0,West
3875,Thingmajig,1861.45,West
3876,Gadget,1190.9,West
3877,Widget,4156.89,East
3878,Thingmajig,3953.76,West
3879,Widget,1013.26,West
3880,Gadget,2673.34,East
3881,Gadget,833.33,West
3882,Thingmajig,4562.94,North
3883,Thingmajig,4132.57,South
3884,Gadget,3449.61,South
3885,Widget,4900.24,South
3886,Gadget,464.2,East
3887,Gadget,4989.5,East
3888,Doohickey,1200.6,East
3889,Widget,1834.62,North
3890,Gadget,3039.63,East
3891,Widget,1305.51,East
3892,Gadget,3922.31,South
3893,Widget,1821.27,West
3894,Doohickey,1264.49,North
3895,Widget,4678.63,North
3896,Gadget,2884.53,East
3897,Doohickey,4077.39,East
3898,Doohickey,3041.2,West
3899,Doohickey,2291.08,South
3900,Gadget,3762.24,North
3901,Gadget,4850.81,West
3902,Widget,3986.61,East
3903,Gadget,4288.55,South
3904,Widget,3071.1,North
3905,Thingmajig,2491.29,West
3906,Widget,3403.47,West
3907,Thingmajig,2061.54,North
3908,Doohickey,1115.73,East
3909,Doohickey,549.16,West
3910,Doohickey,2541.23,East
3911,Widget,1467.72,West
3912,Widget,1268.5,East
3913,Widget,515.92,West
3914,Gadget,4509.79,South
3915,Widget,1160.25,East
3916,Thingmajig,3748.55,West
3917,Thingmajig,3256.45,East
3918,Thingmajig,2448.63,South
3919,Thingmajig,1337.47,East
3920,Doohickey,4653.23,South
3921,Gadget,1025.66,East
3922,Doohickey,3963.61,South
3923,Widget,4177.63,East
3924,Gadget,122.45,West
3925,Widget,2052.63,West
3926,Gadget,4918.3,East
3927,Thingmajig,845.03,South
3928,Widget,1366.26,East
3929,Widget,1555.37,West
3930,Thingmajig,2615.03,West
3931,Thingmajig,4177.52,East
3932,Gadget,401.45,North
3933,Thingmajig,4713.32,West
3934,Gadget,2542.64,West
3935,Gadget,2794.88,West
3936,Gadget,4922.99,South
3937,Thingmajig,1927.93,West
3938,Thingmajig,1490.25,South
3939,Doohickey,1906.21,South
3940,Thingmajig,1842.6,East
3941,Gadget,2219.89,North
3942,Doohickey,1059.53,South
3943,Doohickey,908.6,South
3944,Doohickey,1388.53,West
3945,Doohickey,2411.15,North
3946,Widget,2181.63,East
3947,Widget,4613.38,West
3948,Gadget,672.75,West
3949,Doohickey,4146.81,North
3950,Thingmajig,3169.06,North
3951,Gadget,4915.33,North
3952,Doohickey,4531.65,East
3953,Widget,2863.92,West
3954,Doohickey,2789.64,North
3955,Widget,1709.94,West
3956,Widget,3026.64,East
3957,Thingmajig,3785.44,East
3958,Widget,3684.22,East
3959,Gadget,4786.02,East
3960,Thingmajig,782.08,South
3961,Widget,2450.27,West
3962,Thingmajig,1083.86,East
3963,Doohickey,1613.73,South
3964,Gadget,2857.88,West
3965,Gadget,2503.04,East
3966,Gadget,2823.67,East
3967,Widget,4823.51,West
3968,Thingmajig,2657.52,North
3969,Widget,401.18,South
3970,Thingmajig,254.59,North
3971,Gadget,3637.43,North
3972,Doohickey,4734.53,South
3973,Doohickey,3029.76,North
3974,Thingmajig,1499.96,South
3975,Gadget,343.92,South
3976,Gadget,4246.59,West
3977,Doohickey,687.75,South
3978,Widget,2805.27,West
3979,Gadget,3924.8,East
3980,Gadget,3169.11,North
3981,Thingmajig,3702.92,East
3982,Gadget,4860.89,East
3983,Gadget,3723.84,South
3984,Thingmajig,4686.66,West
3985,Thingmajig,3309.02,West
3986,Widget,3674.9,West
3987,Gadget,327.35,South
3988,Thingmajig,2899.56,West
3989,Gadget,4355.91,West
3990,Widget,4587.09,South
3991,Doohickey,3552.7,West
3992,Doohickey,4759.14,North
3993,Thingmajig,3723.56,West
3994,Doohickey,3926.99,East
3995,Widget,4460.37,South
3996,Gadget,4051.19,North
3997,Doohickey,3879.24,South
3998,Gadget,1946.23,North
3999,Doohickey,3615.29,South
4000,Gadget,115.18,West
4001,Gadget,3487.61,West
4002,Widget,1084.26,East
4003,Gadget,4904.21,North
4004,Thingmajig,286.63,West
4005,Doohickey,2271.13,West
4006,Thingmajig,86.81,West
4007,Thingmajig,4912.06,North
4008,Thingmajig,1984.58,North
4009,Doohickey,2737.24,West
4010,Doohickey,4509.99,East
4011,Gadget,262.47,East
4012,Widget,2244.12,North
4013,Doohickey,422.77,South
4014,Widget,3035.31,East
4015,Gadget,2468.36,South
4016,Doohickey,3931.43,East
4017,Doohickey,2528.81,East
4018,Gadget,2196.41,South
4019,Thingmajig,4053.71,East
4020,Doohickey,4464.04,East
4021,Widget,3533.08,North
4022,Thingmajig,1778.07,West
4023,Widget,4973.43,South
4024,Doohickey,4791.21,South
4025,Thingmajig,1590.99,South
4026,Doohickey,1076.84,East
4027,Gadget,3335.2,South
4028,Thingmajig,2175.54,South
4029,Thingmajig,1572.59,West
4030,Widget,4757.04,East
4031,Widget,3924.62,North
4032,Thingmajig,3352.29,West
4033,Gadget,1605.67,South
4034,Doohickey,1126.65,West
4035,Doohickey,3050.5,East
4036,Doohickey,3172.18,North
4037,Doohickey,1598.38,South
4038,Thingmajig,2737.67,East
4039,Gadget,2467.04,North
4040,Doohickey,431.97,North
4041,Widget,3845.88,East
4042,Gadget,2421.89,West
4043,Thingmajig,128.72,North
4044,Thingmajig,177.93,South
4045,Doohickey,4893.74,South
4046,Widget,272.34,South
4047,Thingmajig,3187.86,South
4048,Thingmajig,3831.02,South
4049,Gadget,502.99,North
4050,Widget,4000.73,North
4051,Gadget,639.65,North
4052,Thingmajig,1217.91,North
4053,Thingmajig,4693.09,East
4054,Gadget,2369.81,South
4055,Gadget,539.81,East
4056,Thingmajig,3438.64,South
4057,Widget,4730.03,East
4058,Doohickey,2694.38,East
4059,Thingmajig,2773.65,South
4060,Widget,1701.35,East
4061,Doohickey,3392.25,East
4062,Thingmajig,3698.91,East
4063,Widget,2449.85,South
4064,Doohickey,2570.33,South
4065,Doohickey,122.13,West
4066,Thingmajig,3498.43,West
4067,Doohickey,3734.94,South
4068,Doohickey,3036.0,North
4069,Widget,2601.74,East
4070,Gadget,3522.22,North
4071,Gadget,2002.51,North
4072,Doohickey,2826.18,North
4073,Thingmajig,4854.59,West
4074,Thingmajig,4637.58,South
4075,Widget,2905.94,North
4076,Gadget,234.12,East
4077,Doohickey,4673.96,North
4078,Doohickey,3594.11,West
4079,Doohickey,2350.56,East
4080,Doohickey,2647.86,West
4081,Doohickey,4695.0,West
4082,Gadget,2294.88,South
4083,Thingmajig,1635.32,North
4084,Widget,3192.23,North
4085,Widget,1456.3,North
4086,Thingmajig,3413.31,East
4087,Widget,4156.29,West
4088,Widget,166.82,East
4089,Gadget,937.48,West
4090,Gadget,3632.0,West
4091,Gadget,3156.14,North
4092,Doohickey,3769.47,North
4093,Thingmajig,2958.25,South
4094,Gadget,2128.62,South
4095,Thingmajig,4087.87,West
4096,Thingmajig,3358.08,North
4097,Widget,4957.13,North
4098,Doohickey,2224.7,East
4099,Widget,288.51,West
4100,Widget,2633.33,South
4101,Doohickey,1241.5,South
4102,Doohickey,1528.66,North
4103,Gadget,609.02,South
4104,Thingmajig,692.05,South
4105,Gadget,4296.63,South
4106,Doohickey,4783.67,East
4107,Gadget,965.8,North
4108,Thingmajig,3037.65,West
4109,Thingmajig,4642.94,South
4110,Thingmajig,3106.82,East
4111,Doohickey,3711.48,North
4112,Widget,971.9,North
4113,Widget,3693.82,West
4114,Gadget,3867.1,South
4115,Thingmajig,1699.55,South
4116,Widget,1093.07,North
4117,Gadget,1405.45,South
4118,Gadget,1782.72,South
4119,Thingmajig,170.29,West
4120,Doohickey,1140.61,East
4121,Thingmajig,838.2,West
4122,Gadget,1073.66,South
4123,Thingmajig,2295.7,East
4124,Widget,889.44,East
4125,Doohickey,2696.31,East
4126,Widget,2578.05,North
4127,Widget,4980.39,East
4128,Doohickey,2338.15,North
4129,Widget,1825.68,South
4130,Gadget,4632.64,North
4131,Thingmajig,263.3,West
4132,Thingmajig,3733.56,East
4133,Doohickey,1324.67,East
4134,Widget,444.1,West
4135,Widget,2262.91,West
4136,Doohickey,4981.91,South
4137,Thingmajig,3561.26,East
4138,Doohickey,239.18,North
4139,Gadget,2832.86,East
4140,Gadget,220.03,South
4141,Gadget,1433.34,East
4142,Gadget,2391.73,South
4143,Thingmajig,3071.07,South
4144,Thingmajig,4315.39,South
4145,Thingmajig,3501.71,North
4146,Widget,1874.37,North
4147,Doohickey,3844.85,East
4148,Widget,2347.45,East
4149,Doohickey,4683.65,North
4150,Thingmajig,2194.5,West
4151,Doohickey,375.44,South
4152,Thingmajig,888.16,West
4153,Thingmajig,820.47,East
4154,Doohickey,2560.49,South
4155,Doohickey,4231.43,South
4156,Widget,3803.83,West
4157,Doohickey,974.08,West
4158,Gadget,3348.17,South
4159,Widget,233.27,West
4160,Widget,2800.43,West
4161,Doohickey,1842.48,North
4162,Widget,1583.55,North
4163,Gadget,3569.43,North
4164,Gadget,4838.55,North
4165,Widget,4301.27,East
4166,Widget,3414.8,East
4167,Gadget,2601.86,West
4168,Widget,406.95,West
4169,Doohickey,2741.22,West
4170,Thingmajig,3565.72,North
4171,Doohickey,391.52,East
4172,Doohickey,3898.9,East
4173,Doohickey,137.13,South
4174,Widget,3339.47,East
4175,Thingmajig,1414.47,West
4176,Doohickey,308.24,North
4177,Gadget,2769.34,North
4178,Thingmajig,873.37,South
4179,Widget,1909.8,North
4180,Doohickey,4103.69,South
4181,Gadget,2504.91,South
4182,Thingmajig,2475.2,West
4183,Gadget,2517.52,East
4184,Thingmajig,3089.51,South
4185,Thingmajig,3257.13,South
4186,Thingmajig,2548.35,West
4187,Thingmajig,3654.58,West
4188,Gadget,2650.66,North
4189,Thingmajig,64.04,South
4190,Thingmajig,457.07,South
4191,Widget,2624.31,West
4192,Gadget,2561.36,West
4193,Widget,2798.45,East
4194,Gadget,3699.4,South
4195,Widget,3432.32,West
4196,Thingmajig,3473.21,South
4197,Gadget,3468.37,South
4198,Gadget,584.24,South
4199,Doohickey,4758.51,South
4200,Gadget,1476.25,South
4201,Thingmajig,2857.07,West
4202,Thingmajig,3932.87,South
4203,Gadget,3913.81,East
4204,Widget,815.62,West
4205,Thingmajig,4922.58,North
4206,Widget,4324.91,South
4207,Gadget,1763.33,West
4208,Doohickey,4037.27,South
4209,Gadget,450.95,East
4210,Widget,923.38,West
4211,Doohickey,4548.32,East
4212,Gadget,413.61,East
4213,Thingmajig,3963.52,East
4214,Doohickey,1569.11,North
4215,Thingmajig,2900.34,West
4216,Doohickey,2602.87,South
4217,Gadget,2055.2,South
4218,Thingmajig,544.07,West
4219,Widget,566.87,West
4220,Widget,4228.23,East
4221,Widget,1167.23,South
4222,Gadget,808.97,West
4223,Doohickey,609.66,South
4224,Widget,1733.82,East
4225,Doohickey,1927.26,East
4226,Gadget,1746.47,East
4227,Widget,2452.75,East
4228,Gadget,3622.57,East
4229,Doohickey,4246.35,East
4230,Gadget,271.37,East
4231,Doohickey,519.78,West
4232,Doohickey,4017.35,North
4233,Widget,3399.26,East
4234,Widget,3559.63,West
4235,Doohickey,1012.1,South
4236,Thingmajig,2239.97,North
4237,Widget,1743.68,West
4238,Gadget,201.72,East
4239,Doohickey,3668.58,South
4240,Gadget,3838.2,East
4241,Doohickey,4768.94,North
4242,Doohickey,1606.36,East
4243,Thingmajig,2193.76,East
4244,Widget,4750.04,South
4245,Thingmajig,3789.04,West
4246,Widget,4478.72,West
4247,Widget,1222.77,North
4248,Widget,4657.4,North
4249,Doohickey,412.33,North
4250,Doohickey,1549.22,West
4251,Gadget,4414.51,South
4252,Widget,4881.09,West
4253,Doohickey,2692.19,West
4254,Doohickey,688.71,West
4255,Widget,4374.12,North
4256,Doohickey,4367.32,North
4257,Gadget,1081.14,East
4258,Thingmajig,1425.09,West
4259,Gadget,4702.73,East
4260,Thingmajig,2760.65,North
4261,Doohickey,885.94,South
4262,Thingmajig,1851.29,North
4263,Thingmajig,1546.39,East
4264,Doohickey,3907.69,North
4265,Gadget,2124.37,East
4266,Doohickey,1363.91,South
4267,Widget,867.73,West
4268,Gadget,1256.23,South
4269,Widget,3333.06,East
4270,Thingmajig,4428.18,East
4271,Gadget,1503.26,South
4272,Thingmajig,4751.48,East
4273,Gadget,731.56,North
4274,Widget,4924.16,South
4275,Gadget,782.34,West
4276,Gadget,2545.26,North
4277,Thingmajig,3584.08,East
4278,Gadget,2751.91,South
4279,Doohickey,4544.34,East
4280,Gadget,4431.65,East
4281,Thingmajig,1264.71,West
4282,Widget,2207.94,North
4283,Thingmajig,3915.86,East
4284,Doohickey,151.32,West
4285,Thingmajig,3491.83,West
4286,Widget,4626.05,North
4287,Doohickey,1925.99,West
4288,Gadget,3199.89,West
4289,Widget,919.26,East
4290,Thingmajig,233.07,North
4291,Doohickey,3395.26,South
4292,Widget,3461.0,North
4293,Gadget,1629.81,West
4294,Thingmajig,425.32,North
4295,Widget,4470.71,East
4296,Gadget,3356.2,North
4297,Doohickey,3154.39,North
4298,Widget,3006.5,South
4299,Gadget,243.54,South
4300,Gadget,1717.46,North
4301,Doohickey,3928.77,West
4302,Gadget,895.75,North
4303,Thingmajig,1603.87,West
4304,Doohickey,2144.64,North
4305,Gadget,2478.47,North
4306,Widget,4089.73,West
4307,Gadget,883.92,West
4308,Widget,4245.05,East
4309,Doohickey,591.98,West
4310,Doohickey,2586.3,South
4311,Doohickey,1913.19,West
4312,Gadget,1828.4,South
4313,Thingmajig,1941.39,West
4314,Doohickey,3255.13,East
4315,Gadget,3143.62,East
4316,Thingmajig,1166.25,North
4317,Widget,3608.62,South
4318,Thingmajig,1234.99,East
4319,Gadget,3352.9,North
4320,Doohickey,109.78,North
4321,Gadget,2462.09,North
4322,Gadget,4760.13,North
4323,Widget,4073.26,North
4324,Widget,3706.46,South
4325,Widget,4167.57,North
4326,Widget,1506.38,East
4327,Thingmajig,605.61,South
4328,Thingmajig,3065.87,West
4329,Doohickey,4509.74,East
4330,Doohickey,3861.89,South
4331,Doohickey,2640.96,South
4332,Doohickey,480.51,North
4333,Gadget,2789.81,East
4334,Widget,4554.53,East
4335,Gadget,2643.41,North
4336,Widget,3640.19,East
4337,Widget,2069.57,North
4338,Widget,3621.74,East
4339,Thingmajig,642.08,West
4340,Widget,2375.36,North
4341,Widget,1448.2,West
4342,Widget,2826.42,South
4343,Gadget,1981.76,South
4344,Widget,3242.21,West
4345,Thingmajig,4510.68,East
4346,Widget,2204.96,North
4347,Gadget,1299.5,North
4348,Doohickey,4336.41,West
4349,Widget,3035.69,East
4350,Thingmajig,3065.3,North
4351,Gadget,359.95,South
4352,Thingmajig,2523.04,South
4353,Doohickey,4770.5,West
4354,Widget,2536.07,West
4355,Doohickey,4750.73,East
4356,Widget,4528.31,South
4357,Doohickey,1696.11,West
4358,Gadget,2789.74,South
4359,Doohickey,3686.57,South
4360,Widget,1000.9,North
4361,Thingmajig,3081.05,North
4362,Gadget,2648.47,South
4363,Gadget,4669.74,South
4364,Widget,2488.39,West
4365,Widget,4381.84,East
4366,Widget,1740.32,West
4367,Widget,2803.96,West
4368,Thingmajig,3535.72,North
4369,Widget,411.65,North
4370,Widget,2324.62,East
4371,Widget,2799.55,East
4372,Thingmajig,1564.52,North
4373,Gadget,4479.02,West
4374,Widget,1661.61,South
4375,Widget,1337.27,South
4376,Gadget,1510.02,East
4377,Thingmajig,4957.38,North
4378,Widget,1171.47,East
4379,Doohickey,1166.56,East
4380,Gadget,1707.42,North
4381,Doohickey,499.74,West
4382,Doohickey,1498.98,East
4383,Widget,1791.79,West
4384,Thingmajig,1962.01,North
4385,Doohickey,3453.58,North
4386,Gadget,1973.71,South
4387,Doohickey,2350.78,East
4388,Thingmajig,3742.6,East
4389,Widget,934.28,East
4390,Doohickey,3328.74,North
4391,Gadget,571.15,East
4392,Gadget,525.9,North
4393,Thingmajig,1544.81,West
4394,Doohickey,3776.69,South
4395,Gadget,2670.79,East
4396,Widget,2790.7,East
4397,Doohickey,3356.78,East
4398,Gadget,4179.43,West
4399,Thingmajig,3573.59,East
4400,Gadget,3048.35,North
4401,Gadget,3848.45,North
4402,Doohickey,3776.22,West
4403,Widget,1134.88,North
4404,Gadget,4783.42,East
4405,Widget,4455.23,East
4406,Thingmajig,1229.58,East
4407,Widget,2143.35,North
4408,Gadget,4433.36,East
4409,Doohickey,924.2,East
4410,Thingmajig,4557.84,South
4411,Widget,2407.33,East
4412,Doohickey,2728.69,South
4413,Thingmajig,1653.62,West
4414,Widget,4545.45,West
4415,Gadget,114.56,South
4416,Widget,3359.94,North
4417,Widget,3281.9,West
4418,Thingmajig,1528.53,South
4419,Widget,2719.97,North
4420,Thingmajig,815.16,West
4421,Doohickey,1598.38,West
4422,Gadget,3419.17,East
4423,Gadget,2623.58,North
4424,Thingmajig,2684.78,West
4425,Thingmajig,3922.11,South
4426,Widget,3093.04,North
4427,Gadget,1262.48,East
4428,Widget,4804.59,West
4429,Thingmajig,2311.55,West
4430,Gadget,420.61,North
4431,Doohickey,3782.36,West
4432,Widget,1206.32,North
4433,Gadget,2426.12,West
4434,Doohickey,4173.99,East
4435,Doohickey,2561.77,South
4436,Thingmajig,3178.86,North
4437,Doohickey,1932.06,South
4438,Doohickey,934.81,South
4439,Thingmajig,4446.74,East
4440,Gadget,3839.26,South
4441,Widget,556.26,East
4442,Thingmajig,3826.4,East
4443,Thingmajig,1456.06,West
4444,Gadget,55.02,North
4445,Doohickey,2181.31,East
4446,Thingmajig,3298.37,North
4447,Doohickey,2056.17,East
4448,Gadget,3229.14,North
4449,Doohickey,183.68,North
4450,Widget,153.73,South
4451,Widget,3298.87,North
4452,Doohickey,1138.6,West
4453,Doohickey,4785.41,South
4454,Gadget,4130.28,South
4455,Doohickey,1728.72,West
4456,Gadget,4348.32,East
4457,Widget,1243.2,North
4458,Widget,2384.16,South
4459,Doohickey,4741.54,South
4460,Thingmajig,2197.08,East
4461,Gadget,3060.03,East
4462,Doohickey,1436.15,North
4463,Doohickey,1765.62,West
4464,Gadget,4924.57,East
4465,Doohickey,2831.13,North
4466,Thingmajig,3402.47,East
4467,Doohickey,3796.17,North
4468,Widget,1072.78,West
4469,Gadget,2671.81,East
4470,Thingmajig,646.32,East
4471,Thingmajig,280.91,North
4472,Widget,3363.43,West
4473,Thingmajig,274.77,East
4474,Widget,3789.68,North
4475,Gadget,3775.12,East
4476,Gadget,2500.7,North
4477,Gadget,2701.69,East
4478,Widget,2227.72,South
4479,Doohickey,2878.45,West
4480,Thingmajig,2721.66,West
4481,Gadget,4588.54,East
4482,Widget,1197.84,North
4483,Widget,485.35,South
4484,Thingmajig,2492.36,South
4485,Thingmajig,4556.51,East
4486,Widget,2001.68,North
4487,Thingmajig,2232.96,East
4488,Doohickey,1315.17,North
4489,Gadget,2237.23,West
4490,Doohickey,1253.49,West
4491,Gadget,1348.23,South
4492,Widget,210.67,West
4493,Thingmajig,2840.29,North
4494,Widget,716.26,West
4495,Widget,858.58,West
4496,Doohickey,1729.91,South
4497,Thingmajig,3394.73,East
4498,Gadget,1014.04,North
4499,Thingmajig,3332.08,East
4500,Gadget,303.48,East
4501,Doohickey,325.59,West
4502,Gadget,540.16,West
4503,Thingmajig,1065.92,North
4504,Doohickey,1193.01,East
4505,Thingmajig,3747.85,West
4506,Gadget,792.48,North
4507,Doohickey,331.1,West
4508,Doohickey,2574.28,West
4509,Widget,3877.05,West
4510,Gadget,3514.47,North
4511,Thingmajig,2372.54,West
4512,Thingmajig,4799.21,North
4513,Thingmajig,4270.86,West
4514,Thingmajig,2471.25,South
4515,Doohickey,2220.5,South
4516,Gadget,4174.2,East
4517,Thingmajig,1093.85,West
4518,Gadget,4397.24,East
4519,Doohickey,3687.28,North
4520,Gadget,1403.18,West
4521,Doohickey,1257.6,South
4522,Gadget,2821.97,East
4523,Widget,1607.21,South
4524,Doohickey,3636.86,North
4525,Gadget,3767.18,East
4526,Widget,4456.56,West
4527,Thingmajig,4575.85,North
4528,Doohickey,4687.97,North
4529,Thingmajig,3398.13,West
4530,Gadget,4032.99,West
4531,Thingmajig,206.03,East
4532,Thingmajig,4748.64,South
4533,Doohickey,4836.32,East
4534,Thingmajig,1237.66,South
4535,Doohickey,4854.35,East
4536,Widget,1708.03,West
4537,Widget,1991.77,South
4538,Thingmajig,1409.14,South
4539,Gadget,839.62,East
4540,Gadget,841.26,North
4541,Widget,3183.6,North
4542,Widget,4042.97,South
4543,Thingmajig,758.0,West
4544,Thingmajig,233.75,West
4545,Widget,3668.38,North
4546,Thingmajig,1035.3,East
4547,Thingmajig,3385.45,West
4548,Doohickey,4947.65,South
4549,Thingmajig,737.73,West
4550,Thingmajig,1426.04,West
4551,Gadget,1744.66,East
4552,Gadget,3530.38,South
4553,Widget,1844.23,South
4554,Gadget,3707.45,West
4555,Thingmajig,4308.63,North
4556,Doohickey,1184.85,South
4557,Thingmajig,517.98,South
4558,Thingmajig,3430.4,East
4559,Widget,953.36,East
4560,Doohickey,1646.96,East
4561,Doohickey,945.13,East
4562,Gadget,914.24,West
4563,Doohickey,1394.6,South
4564,Doohickey,4827.79,North
4565,Doohickey,4698.91,West
4566,Widget,4510.3,West
4567,Doohickey,2359.98,North
4568,Doohickey,2685.12,South
4569,Thingmajig,1893.72,West
4570,Doohickey,1199.38,West
4571,Gadget,56.21,West
4572,Doohickey,4291.61,North
4573,Doohickey,1067.04,East
4574,Widget,3231.64,South
4575,Widget,2891.54,East
4576,Thingmajig,4720.57,East
4577,Doohickey,776.98,West
4578,Widget,1392.43,West
4579,Doohickey,3549.59,South
4580,Thingmajig,2566.33,North
4581,Widget,4874.13,East
4582,Widget,1671.93,South
4583,Doohickey,2788.4,West
4584,Widget,4952.27,West
4585,Widget,2899.89,East
4586,Thingmajig,4610.95,West
4587,Gadget,2661.05,North
4588,Thingmajig,4403.49,West
4589,Widget,2371.09,North
4590,Thingmajig,3277.53,North
4591,Widget,1012.52,South
4592,Widget,3795.45,West
4593,Thingmajig,2102.81,East
4594,Doohickey,1617.51,South
4595,Thingmajig,418.06,East
4596,Doohickey,1207.18,East
4597,Widget,3978.63,West
4598,Thingmajig,3345.84,South
4599,Thingmajig,4552.42,South
4600,Widget,3946.7,North
4601,Doohickey,1779.37,North
4602,Gadget,4546.7,East
4603,Gadget,2592.95,East
4604,Thingmajig,2448.07,South
4605,Doohickey,4950.83,West
4606,Thingmajig,2345.43,West
4607,Widget,2527.98,West
4608,Gadget,2730.76,North
4609,Doohickey,1270.17,South
4610,Widget,2082.01,South
4611,Widget,4690.39,West
4612,Doohickey,3801.94,North
4613,Doohickey,1109.09,West
4614,Doohickey,3926.38,South
4615,Thingmajig,1680.77,East
4616,Gadget,2414.23,West
4617,Doohickey,462.5,East
4618,Gadget,2409.73,North
4619,Widget,3592.72,East
4620,Doohickey,3154.53,West
4621,Doohickey,407.98,East
4622,Thingmajig,2450.68,South
4623,Thingmajig,3652.61,North
4624,Doohickey,2653.36,North
4625,Thingmajig,1615.27,West
4626,Doohickey,1723.39,North
4627,Widget,4632.77,North
4628,Thingmajig,3593.42,North
4629,Gadget,4480.11,West
4630,Widget,4467.97,East
4631,Thingmajig,4819.3,West
4632,Thingmajig,3802.82,North
4633,Gadget,1774.02,East
4634,Doohickey,2255.0,West
4635,Gadget,2191.92,South
4636,Gadget,2867.36,North
4637,Gadget,231.69,North
4638,Gadget,3363.81,West
4639,Thingmajig,516.41,West
4640,Thingmajig,114.34,North
4641,Widget,1448.46,North
4642,Gadget,3520.49,North
4643,Thingmajig,3676.76,East
4644,Doohickey,3228.03,North
4645,Thingmajig,3506.2,West
4646,Doohickey,2833.72,North
4647,Thingmajig,2586.14,North
4648,Doohickey,183.89,South
4649,Thingmajig,785.08,East
4650,Gadget,905.91,South
4651,Widget,2270.82,North
4652,Thingmajig,4571.42,West
4653,Thingmajig,2114.23,North
4654,Gadget,474.68,South
4655,Widget,4528.38,East
4656,Thingmajig,393.18,West
4657,Gadget,4269.52,South
4658,Doohickey,2191.02,East
4659,Doohickey,2050.88,West
4660,Thingmajig,3141.53,West
4661,Gadget,391.62,West
4662,Widget,4804.84,North
4663,Gadget,3964.05,East
4664,Gadget,1897.84,North
4665,Doohickey,4538.79,East
4666,Doohickey,4770.33,West
4667,Widget,1771.94,North
4668,Doohickey,3535.62,West
4669,Doohickey,218.84,West
4670,Gadget,2529.39,West
4671,Gadget,4891.6,East
4672,Gadget,3408.26,West
4673,Widget,4066.46,North
4674,Thingmajig,3036.91,South
4675,Thingmajig,2181.86,West
4676,Doohickey,3224.02,East
4677,Doohickey,3639.95,West
4678,Gadget,1803.52,East
4679,Gadget,1431.35,South
4680,Thingmajig,1733.3,South
4681,Thingmajig,2527.05,East
4682,Gadget,292.38,North
4683,Doohickey,1582.5,South
4684,Thingmajig,2181.2,East
4685,Doohickey,680.67,South
4686,Thingmajig,4571.27,West
4687,Gadget,4185.99,West
4688,Thingmajig,235.15,North
4689,Gadget,2624.12,South
4690,Thingmajig,3047.68,West
4691,Gadget,2164.6,North
4692,Thingmajig,3615.62,North
4693,Doohickey,3361.11,West
4694,Thingmajig,345.82,South
4695,Gadget,587.97,East
4696,Widget,2907.15,North
4697,Doohickey,3837.61,South
4698,Doohickey,3777.19,North
4699,Widget,2622.84,South
4700,Doohickey,468.43,West
4701,Widget,2720.24,East
4702,Doohickey,959.37,South
4703,Doohickey,3206.77,North
4704,Widget,886.0,North
4705,Thingmajig,289.48,South
4706,Gadget,3990.27,South
4707,Widget,3935.52,East
4708,Thingmajig,4368.04,East
4709,Thingmajig,1096.65,South
4710,Thingmajig,4865.83,West
4711,Thingmajig,1972.95,West
4712,Thingmajig,1920.31,East
4713,Gadget,980.1,East
4714,Thingmajig,4179.91,East
4715,Thingmajig,3029.78,South
4716,Thingmajig,1468.22,East
4717,Thingmajig,3551.36,West
4718,Widget,1368.47,South
4719,Widget,2653.89,West
4720,Gadget,2371.18,West
4721,Thingmajig,4631.12,West
4722,Gadget,2259.58,South
4723,Doohickey,2442.23,South
4724,Widget,3113.32,South
4725,Thingmajig,2133.81,South
4726,Gadget,3039.06,East
4727,Thingmajig,718.97,South
4728,Doohickey,4667.29,North
4729,Widget,2954.26,East
4730,Gadget,3799.78,West
4731,Widget,332.6,North
4732,Widget,3784.1,East
4733,Gadget,2617.94,East
4734,Gadget,4319.51,North
4735,Thingmajig,4764.86,South
4736,Gadget,1999.4,South
4737,Gadget,4205.33,West
4738,Gadget,1570.78,East
4739,Thingmajig,3889.87,West
4740,Gadget,3478.91,West
4741,Widget,4463.96,North
4742,Doohickey,4042.87,South
4743,Widget,3229.62,North
4744,Gadget,979.36,East
4745,Thingmajig,4856.55,East
4746,Widget,4247.92,South
4747,Thingmajig,3589.89,South
4748,Doohickey,1784.98,South
4749,Gadget,1880.54,North
4750,Gadget,1408.51,West
4751,Thingmajig,1060.6,West
4752,Doohickey,1089.83,West
4753,Widget,4465.48,North
4754,Doohickey,332.97,South
4755,Gadget,244.06,South
4756,Thingmajig,4377.38,West
4757,Doohickey,2168.41,North
4758,Widget,2290.28,East
4759,Thingmajig,4461.91,North
4760,Gadget,1422.47,South
4761,Thingmajig,4094.47,West
4762,Thingmajig,1602.72,East
4763,Widget,90.65,North
4764,Thingmajig,4213.22,East
4765,Gadget,3157.49,West
4766,Thingmajig,4243.63,West
4767,Gadget,4356.18,East
4768,Doohickey,3049.92,North
4769,Widget,3563.37,South
4770,Widget,3601.91,North
4771,Thingmajig,3104.77,North
4772,Doohickey,4245.12,South
4773,Widget,4989.06,West
4774,Doohickey,2631.18,West
4775,Gadget,3077.47,East
4776,Gadget,4988.83,West
4777,Thingmajig,1594.95,West
4778,Doohickey,4629.44,East
4779,Gadget,1842.51,North
4780,Thingmajig,2540.56,West
4781,Doohickey,3684.07,South
4782,Gadget,2154.14,North
4783,Thingmajig,1528.44,West
4784,Thingmajig,4766.44,East
4785,Doohickey,2506.26,East
4786,Widget,887.82,South
4787,Doohickey,917.0,North
4788,Widget,3282.28,West
4789,Thingmajig,2518.73,North
4790,Doohickey,4107.3,East
4791,Gadget,717.22,West
4792,Gadget,2696.43,North
4793,Doohickey,495.15,East
4794,Thingmajig,4262.01,South
4795,Doohickey,3284.91,South
4796,Thingmajig,1116.09,North
4797,Thingmajig,4223.7,North
4798,Thingmajig,382.9,East
4799,Thingmajig,2786.97,West
4800,Widget,171.07,West
4801,Doohickey,1181.48,West
4802,Thingmajig,3749.99,South
4803,Doohickey,1856.4,West
4804,Gadget,2636.46,West
4805,Gadget,3731.83,North
4806,Thingmajig,3335.43,South
4807,Gadget,3891.09,South
4808,Thingmajig,4736.5,South
4809,Widget,1181.39,South
4810,Gadget,4498.07,North
4811,Widget,3250.0,West
4812,Gadget,2309.89,South
4813,Widget,3144.84,North
4814,Gadget,3699.18,East
4815,Widget,4472.21,West
4816,Doohickey,4267.33,North
4817,Widget,2431.27,East
4818,Thingmajig,3796.12,South
4819,Widget,1348.13,West
4820,Thingmajig,1731.9,West
4821,Thingmajig,679.83,South
4822,Thingmajig,3398.97,South
4823,Widget,3316.29,North
4824,Doohickey,3946.7,North
4825,Gadget,211.11,South
4826,Gadget,345.27,South
4827,Gadget,1514.31,South
4828,Gadget,3809.07,North
4829,Thingmajig,286.11,North
4830,Thingmajig,3112.62,West
4831,Thingmajig,3412.38,South
4832,Thingmajig,3708.36,West
4833,Gadget,627.86,North
4834,Doohickey,1596.68,East
4835,Widget,4889.48,West
4836,Thingmajig,4140.73,West
4837,Gadget,1952.51,West
4838,Gadget,141.75,West
4839,Thingmajig,1070.76,South
4840,Thingmajig,3325.59,West
4841,Doohickey,882.68,West
4842,Doohickey,2692.83,West
4843,Doohickey,2600.71,West
4844,Thingmajig,1567.15,South
4845,Gadget,4637.32,East
4846,Doohickey,2621.6,North
4847,Doohickey,3223.43,North
4848,Doohickey,2792.17,West
4849,Widget,371.51,South
4850,Thingmajig,898.66,South
4851,Gadget,4391.45,East
4852,Gadget,2469.98,West
4853,Thingmajig,2237.4,North
4854,Widget,1970.27,West
4855,Thingmajig,828.19,East
4856,Thingmajig,3859.2,South
4857,Widget,76.13,South
4858,Widget,450.41,South
4859,Thingmajig,2975.09,South
4860,Gadget,4642.31,West
4861,Thingmajig,3641.08,East
4862,Doohickey,3463.8,South
4863,Gadget,3687.64,North
4864,Doohickey,2431.95,East
4865,Gadget,259.82,East
4866,Gadget,1696.47,West
4867,Doohickey,2663.23,West
4868,Doohickey,1429.9,North
4869,Widget,474.25,West
4870,Gadget,2076.94,East
4871,Widget,2456.24,West
4872,Widget,673.25,West
4873,Widget,4189.03,East
4874,Doohickey,2780.65,East
4875,Gadget,4203.93,South
4876,Thingmajig,4273.31,North
4877,Gadget,3435.27,West
4878,Thingmajig,3117.38,South
4879,Thingmajig,1369.57,North
4880,Gadget,2076.97,North
4881,Widget,2520.94,South
4882,Widget,2024.48,South
4883,Widget,1337.1,South
4884,Thingmajig,2589.27,South
4885,Doohickey,1789.65,East
4886,Doohickey,3574.97,West
4887,Gadget,3257.27,North
4888,Widget,1089.99,South
4889,Doohickey,2814.99,West
4890,Widget,2515.72,East
4891,Doohickey,221.69,East
4892,Gadget,985.8,East
4893,Doohickey,3070.93,North
4894,Thingmajig,2750.59,East
4895,Widget,1005.75,West
4896,Doohickey,3875.86,East
4897,Gadget,1439.8,South
4898,Gadget,1632.1,West
4899,Gadget,2739.91,South
4900,Gadget,3338.5,North
4901,Thingmajig,2747.66,North
4902,Doohickey,4066.84,North
4903,Gadget,4547.07,North
4904,Widget,4718.12,West
4905,Doohickey,788.85,North
4906,Widget,3954.07,West
4907,Gadget,351.48,West
4908,Widget,3165.55,East
4909,Thingmajig,4917.64,North
4910,Doohickey,1771.9,East
4911,Doohickey,2781.66,West
4912,Widget,4819.44,South
4913,Widget,4879.58,West
4914,Doohickey,1383.31,South
4915,Doohickey,3526.35,West
4916,Doohickey,1592.89,East
4917,Doohickey,243.67,South
4918,Doohickey,4668.54,West
4919,Thingmajig,238.3,South
4920,Thingmajig,1908.53,South
4921,Gadget,3945.81,West
4922,Thingmajig,4693.1,East
4923,Gadget,1777.81,East
4924,Thingmajig,2789.44,North
4925,Doohickey,798.76,East
4926,Gadget,3234.43,East
4927,Gadget,1282.14,South
4928,Gadget,2155.36,South
4929,Widget,802.07,North
4930,Widget,1924.36,North
4931,Widget,4837.85,West
4932,Doohickey,2921.0,West
4933,Gadget,191.48,North
4934,Gadget,2777.13,West
4935,Doohickey,105.83,West
4936,Thingmajig,1579.5,North
4937,Thingmajig,110.95,South
4938,Doohickey,2432.53,South
4939,Gadget,4854.45,South
4940,Thingmajig,1160.84,East
4941,Widget,2049.27,North
4942,Thingmajig,1916.25,South
4943,Widget,2021.81,West
4944,Widget,3360.38,North
4945,Thingmajig,1858.68,South
4946,Doohickey,2923.74,East
4947,Widget,2317.68,East
4948,Widget,1405.59,East
4949,Doohickey,674.05,East
4950,Doohickey,1915.82,North
4951,Gadget,1779.9,East
4952,Gadget,1186.93,North
4953,Doohickey,2819.17,West
4954,Thingmajig,1745.79,East
4955,Thingmajig,574.64,South
4956,Widget,2013.03,South
4957,Thingmajig,2272.96,North
4958,Doohickey,2989.51,North
4959,Gadget,4758.62,South
4960,Gadget,4617.39,North
4961,Widget,4491.19,East
4962,Widget,2660.76,West
4963,Thingmajig,2382.2,South
4964,Doohickey,3103.56,East
4965,Gadget,666.0,North
4966,Gadget,2066.85,East
4967,Doohickey,3649.54,East
4968,Doohickey,4303.85,South
4969,Doohickey,4911.0,East
4970,Doohickey,3875.01,North
4971,Widget,2582.35,South
4972,Widget,2376.08,South
4973,Doohickey,1889.81,West
4974,Widget,2702.63,West
4975,Thingmajig,4200.94,South
4976,Widget,2855.5,East
4977,Doohickey,1608.01,East
4978,Widget,2422.49,East
4979,Thingmajig,3606.48,North
4980,Thingmajig,4930.7,East
4981,Doohickey,365.26,West
4982,Gadget,2944.17,East
4983,Gadget,3367.41,North
4984,Gadget,1901.85,North
4985,Doohickey,244.37,East
4986,Gadget,971.75,West
4987,Doohickey,4132.53,South
4988,Thingmajig,1942.8,East
4989,Doohickey,4671.19,East
4990,Doohickey,3165.56,West
4991,Thingmajig,329.03,West
4992,Doohickey,882.58,West
4993,Widget,3513.28,East
4994,Gadget,3468.37,South
4995,Widget,2254.57,South
4996,Widget,4117.57,East
4997,Thingmajig,555.38,West
4998,Widget,3648.87,North
4999,Doohickey,1637.54,South
5000,Doohickey,720.88,East
